{
    "spell01": {
        "category": "player",
        "sounds": [
            {
                "name": "spell01"
            }
        ]
    },
    "spell02": {
        "category": "player",
        "sounds": [
            {
                "name": "spell02"
            }
        ]
    },
    "spell03": {
        "category": "player",
        "sounds": [
            {
                "name": "spell03"
            }
        ]
    },
    "spell04": {
        "category": "magicwar",
        "sounds": [
            {
                "name": "spell04"
            }
        ]
    },
    "spell05": {
        "category": "player",
        "sounds": [
            {
                "name": "spell05"
            }
        ]
    },
    "spell06": {
        "category": "player",
        "sounds": [
            {
                "name": "spell06"
            }
        ]
    },
    "spell07": {
        "category": "player",
        "sounds": [
            {
                "name": "spell07"
            }
        ]
    },
    "spell08": {
        "category": "player",
        "sounds": [
            {
                "name": "spell08"
            }
        ]
    },
    "spell09": {
        "category": "player",
        "sounds": [
            {
                "name": "spell09"
            }
        ]
    },
	"spell10": {
        "category": "player",
        "sounds": [
            {
                "name": "spell10"
            }
        ]
    }
}