{
    "parent": "item/generated",
    "textures": {
        "layer0": "item/carrot"
    },
	"overrides": [
			{ "predicate": { "custom_model_data": 28}, "model": "item/other/gui_switch_1"},
			{ "predicate": { "custom_model_data": 29}, "model": "item/other/gui_switch_2"},
			{ "predicate": { "custom_model_data": 30}, "model": "item/other/gui_battle"},
			{ "predicate": { "custom_model_data": 31}, "model": "item/other/gui_freemode"},
			{ "predicate": { "custom_model_data": 32}, "model": "item/other/gui_teamdeathmatch"},
			{ "predicate": { "custom_model_data": 33}, "model": "item/other/gui_capture"},
			{ "predicate": { "custom_model_data": 34}, "model": "item/other/gui_duels"},
			{ "predicate": { "custom_model_data": 35}, "model": "item/other/gui_pillager"},
			{ "predicate": { "custom_model_data": 40}, "model": "item/other/gui_settings"},
			{ "predicate": { "custom_model_data": 41}, "model": "item/other/gui_animation_enabled"},
			{ "predicate": { "custom_model_data": 42}, "model": "item/other/gui_animation_disabled"},
			{ "predicate": { "custom_model_data": 43}, "model": "item/other/gui_hud_enabled"},
			{ "predicate": { "custom_model_data": 44}, "model": "item/other/gui_hud_disabled"},
			{ "predicate": { "custom_model_data": 45}, "model": "item/other/gui_wandparticle_enabled"},
			{ "predicate": { "custom_model_data": 46}, "model": "item/other/gui_wandparticle_disabled"},
			{ "predicate": { "custom_model_data": 47}, "model": "item/other/gui_resetgame_1"},
			{ "predicate": { "custom_model_data": 48}, "model": "item/other/gui_resetgame_2"},
			{ "predicate": { "custom_model_data": 50}, "model": "item/other/gui_mapselect_title"},
			{ "predicate": { "custom_model_data": 51}, "model": "item/other/gui_mapselect_0"},
			{ "predicate": { "custom_model_data": 52}, "model": "item/other/gui_mapselect_1"},
			{ "predicate": { "custom_model_data": 53}, "model": "item/other/gui_mapselect_2"},
			{ "predicate": { "custom_model_data": 54}, "model": "item/other/gui_mapselect_3"},
			{ "predicate": { "custom_model_data": 60}, "model": "item/other/gui_victorycondition_killcount"},
			{ "predicate": { "custom_model_data": 61}, "model": "item/other/gui_victorycondition_killcount_5"},
			{ "predicate": { "custom_model_data": 62}, "model": "item/other/gui_victorycondition_killcount_10"},
			{ "predicate": { "custom_model_data": 63}, "model": "item/other/gui_victorycondition_killcount_15"},
			{ "predicate": { "custom_model_data": 65}, "model": "item/other/gui_victorycondition_pillager"},
			{ "predicate": { "custom_model_data": 66}, "model": "item/other/gui_victorycondition_pillager_800"},
			{ "predicate": { "custom_model_data": 67}, "model": "item/other/gui_victorycondition_pillager_1200"},
			{ "predicate": { "custom_model_data": 68}, "model": "item/other/gui_victorycondition_pillager_1600"},
			{ "predicate": { "custom_model_data": 70}, "model": "item/other/gui_victorycondition_lifecount"},
			{ "predicate": { "custom_model_data": 71}, "model": "item/other/gui_victorycondition_lifecount_1"},
			{ "predicate": { "custom_model_data": 72}, "model": "item/other/gui_victorycondition_lifecount_2"},
			{ "predicate": { "custom_model_data": 73}, "model": "item/other/gui_victorycondition_lifecount_3"},
			{ "predicate": { "custom_model_data": 75}, "model": "item/other/gui_victorycondition_capture"},
			{ "predicate": { "custom_model_data": 76}, "model": "item/other/gui_victorycondition_capture_1000"},
			{ "predicate": { "custom_model_data": 77}, "model": "item/other/gui_victorycondition_capture_1500"},
			{ "predicate": { "custom_model_data": 78}, "model": "item/other/gui_victorycondition_capture_2000"},
			{ "predicate": { "custom_model_data": 80}, "model": "item/other/gui_inital_skillpoint"},
			{ "predicate": { "custom_model_data": 81}, "model": "item/other/gui_inital_skillpoint_0"},
			{ "predicate": { "custom_model_data": 82}, "model": "item/other/gui_inital_skillpoint_10"},
			{ "predicate": { "custom_model_data": 83}, "model": "item/other/gui_inital_skillpoint_20"},
			{ "predicate": { "custom_model_data": 84}, "model": "item/other/gui_inital_skillpoint_30"},
			{ "predicate": { "custom_model_data": 85}, "model": "item/other/gui_inital_skillpoint_40"},
			{ "predicate": { "custom_model_data": 86}, "model": "item/other/gui_inital_skillpoint_50"},
			{ "predicate": { "custom_model_data": 87}, "model": "item/other/gui_inital_skillpoint_60"},
			{ "predicate": { "custom_model_data": 88}, "model": "item/other/gui_inital_skillpoint_70"},
			{ "predicate": { "custom_model_data": 89}, "model": "item/other/gui_inital_skillpoint_maximum"},
			{ "predicate": { "custom_model_data": 90}, "model": "item/other/gui_upgrade_title"},
			{ "predicate": { "custom_model_data": 91}, "model": "item/other/gui_upgrade_enabled"},
			{ "predicate": { "custom_model_data": 92}, "model": "item/other/gui_upgrade_disabled"},
			{ "predicate": { "custom_model_data": 93}, "model": "item/other/gui_lock_background"},
			{ "predicate": { "custom_model_data": 94}, "model": "item/other/gui_nocd_disabled"},
			{ "predicate": { "custom_model_data": 95}, "model": "item/other/gui_nocd_enabled"},
			{ "predicate": { "custom_model_data": 96}, "model": "item/other/gui_unlimited_mana_disabled"},
			{ "predicate": { "custom_model_data": 97}, "model": "item/other/gui_unlimited_mana_enabled"},
			{ "predicate": { "custom_model_data": 99}, "model": "item/other/gui_changeable_titletip"},
			{ "predicate": { "custom_model_data": 100}, "model": "item/other/gui_accept"},
			{ "predicate": { "custom_model_data": 101}, "model": "item/other/gui_time_day"},
			{ "predicate": { "custom_model_data": 102}, "model": "item/other/gui_time_night"}
	]
}
