{
    "providers": [
		{
			"type": "ttf",
			"file": "minecraft:mecha_bold.ttf",
			"shift": [0, 1],
			"size": 8.5,
			"oversample": 20.0
		},
		{
			"type": "bitmap",
			"file": "minecraft:img/controls.png",
			"ascent": 140,
			"height": 140,
			"chars": ["\ue001"]
        },
		{
			"type": "bitmap",
			"file": "minecraft:img/controls_2.png",
			"ascent": 140,
			"height": 140,
			"chars": ["\ue002"]
        },
		{
			"type": "bitmap",
			"file": "minecraft:img/upgrade.png",
			"ascent": 140,
			"height": 140,
			"chars": ["\ue003"]
        },
		{
			"type": "bitmap",
			"file": "minecraft:img/skillpoints.png",
			"ascent": 140,
			"height": 140,
			"chars": ["\ue004"]
        },
		{
			"type": "bitmap",
			"file": "minecraft:img/manabar.png",
			"ascent": 140,
			"height": 140,
			"chars": ["\ue005"]
        },

		{
			"type": "bitmap",
			"file": "minecraft:img/click.png",
			"ascent": 7,
			"height": 9,
			"chars": ["\ue051"]
        },
		{
			"type": "bitmap",
			"file": "minecraft:img/shift_click.png",
			"ascent": 7,
			"height": 9,
			"chars": ["\ue052"]
        },
		{
			"type": "bitmap",
			"file": "minecraft:img/hold_shift_click.png",
			"ascent": 7,
			"height": 9,
			"chars": ["\ue053"]
        },
		{
			"type": "bitmap",
			"file": "minecraft:img/f_button.png",
			"ascent": 7,
			"height": 9,
			"chars": ["\ue054"]
        },
		{
			"type": "bitmap",
			"file": "minecraft:img/q_button.png",
			"ascent": 7,
			"height": 9,
			"chars": ["\ue055"]
        },
		{
			"type": "bitmap",
			"file": "minecraft:img/redteam.png",
			"ascent": 7,
			"height": 8,
			"chars": ["\ue101"]
        },
		{
			"type": "bitmap",
			"file": "minecraft:img/yellowteam.png",
			"ascent": 7,
			"height": 8,
			"chars": ["\ue102"]
        },
		{
			"type": "bitmap",
			"file": "minecraft:img/blueteam.png",
			"ascent": 7,
			"height": 8,
			"chars": ["\ue103"]
        },
		{
			"type": "bitmap",
			"file": "minecraft:img/greenteam.png",
			"ascent": 7,
			"height": 8,
			"chars": ["\ue104"]
        }
	]
}