{
    "parent": "item/generated",
    "textures": {
        "layer0": "item/enchanted_book"
    },
	 "overrides": [
        { "predicate": { "custom_model_data": 1}, "model": "item/levelup/skill_level_1"},
		{ "predicate": { "custom_model_data": 2}, "model": "item/levelup/skill_level_2"},
		{ "predicate": { "custom_model_data": 3}, "model": "item/levelup/skill_level_3"},
		{ "predicate": { "custom_model_data": 4}, "model": "item/levelup/skill_level_4"},
		{ "predicate": { "custom_model_data": 5}, "model": "item/levelup/skill_level_5"}
	]
}
