{
	"__comment": "Elements Battle Item Designed by BlackNight_AY",
	"textures": {
		"particle": "item/particle",
		"texture": "item/shadowwand"
	},
	"elements": [ 	 
		{
			"__comment": "Box9",
			"from": [ 7.5, -6.75, 7.5 ],
			"to": [ 8.5, 13.75, 8.5 ],
			"faces": {
				"down": { "uv": [ 7.5, 7.5, 8.5, 8.5 ], "texture": "#texture", "cullface": "down" },
				"up": { "uv": [ 8, 10, 9, 11 ], "texture": "#texture", "cullface": "down" },
				"north": { "uv": [ 7.5, 1.75, 8.5, 16 ], "texture": "#texture", "cullface": "down" },
				"south": { "uv": [ 7.5, 1.75, 8.5, 16 ], "texture": "#texture", "cullface": "down" },
				"west": { "uv": [ 7.5, 1.75, 8.5, 16 ], "texture": "#texture", "cullface": "down" },
				"east": { "uv": [ 7.5, 1.75, 8.5, 16 ], "texture": "#texture", "cullface": "down" }
			}
		},
		{
			"__comment": "Box2",
			"from": [ 7, 15, 8.5 ],
			"to": [ 7.5, 17, 9 ],
			"faces": {
				"down": { "uv": [ 0, 12, 1, 13 ], "texture": "#texture", "cullface": "up" },
				"up": { "uv": [ 0, 16, 1, 15 ], "texture": "#texture", "cullface": "up" },
				"north": { "uv": [ 0, 16, 2.5, 12 ], "texture": "#texture", "cullface": "up" },
				"south": { "uv": [ 0, 16, 2.5, 12 ], "texture": "#texture", "cullface": "up" },
				"west": { "uv": [ 0, 16, 2.5, 12 ], "texture": "#texture", "cullface": "up" },
				"east": { "uv": [ 0, 16, 2.5, 12 ], "texture": "#texture", "cullface": "up" }
			}
		},
		{
			"__comment": "Box8",
			"from": [ 7.25, 12.5, 8.75 ],
			"to": [ 8.75, 13, 9.25 ],
			"faces": {
				"up": { "uv": [ 7.5, 6, 8, 7.5 ], "texture": "#texture", "rotation": 270 },
				"north": { "uv": [ 8.5, 3, 10, 3.5 ], "texture": "#texture" },
				"south": { "uv": [ 6, 3, 7.5, 3.5 ], "texture": "#texture" },
				"west": { "uv": [ 8, 3, 8.5, 3.5 ], "texture": "#texture" },
				"east": { "uv": [ 7.5, 3, 8, 3.5 ], "texture": "#texture" }
			}
		},
		{
			"__comment": "Box20",
			"from": [ 7.25, 12, 9.25 ],
			"to": [ 8.75, 12.5, 9.5 ],
			"faces": {
				"down": { "uv": [ 7.25, 6.5, 8.75, 6.75 ], "texture": "#texture" },
				"up": { "uv": [ 7.25, 9.25, 8.75, 9.5 ], "texture": "#texture" },
				"south": { "uv": [ 7.25, 3.5, 8.75, 4 ], "texture": "#texture" },
				"west": { "uv": [ 9.25, 3.5, 9.5, 4 ], "texture": "#texture" },
				"east": { "uv": [ 6.5, 3.5, 6.75, 4 ], "texture": "#texture" }
			}
		},
		{
			"__comment": "Box22",
			"from": [ 7.25, -7.25, 7.25 ],
			"to": [ 8.75, -6.75, 8.75 ],
			"faces": {
				"down": { "uv": [ 15, 0, 16, 1 ], "texture": "#texture", "cullface": "down" },
				"up": { "uv": [ 15, 2, 16, 3 ], "texture": "#texture", "cullface": "down" },
				"north": { "uv": [ 14.5, 1, 16, 2 ], "texture": "#texture", "cullface": "down" },
				"south": { "uv": [ 14.5, 1, 16, 2 ], "texture": "#texture", "cullface": "down" },
				"west": { "uv": [ 14.5, 1, 16, 2 ], "texture": "#texture", "cullface": "down" },
				"east": { "uv": [ 14.5, 1, 16, 2 ], "texture": "#texture", "cullface": "down" }
			}
		},
		{
			"__comment": "Box22",
			"from": [ 7.25, 10, 7.75 ],
			"to": [ 7.5, 10.5, 8.5 ],
			"faces": {
				"down": { "uv": [ 7.5, 11, 8.5, 12 ], "texture": "#texture" },
				"up": { "uv": [ 7.5, 9, 8.5, 10 ], "texture": "#texture" },
				"north": { "uv": [ 7.5, 11.5, 9, 13 ], "texture": "#texture" },
				"south": { "uv": [ 7.5, 11.5, 9, 13 ], "texture": "#texture" },
				"west": { "uv": [ 7.5, 11.5, 9, 13 ], "texture": "#texture" },
				"east": { "uv": [ 7.5, 11.5, 9, 13 ], "texture": "#texture" }
			}
		},
		{
			"__comment": "Box20",
			"from": [ 6.75, 12, 6.75 ],
			"to": [ 9.25, 12.5, 9.25 ],
			"faces": {
				"down": { "uv": [ 6.75, 6.75, 9.25, 9.25 ], "texture": "#texture" },
				"up": { "uv": [ 6.75, 6.75, 9.25, 9.25 ], "texture": "#texture" },
				"north": { "uv": [ 6.75, 3.5, 9.25, 4 ], "texture": "#texture" },
				"south": { "uv": [ 6.75, 3.5, 9.25, 4 ], "texture": "#texture" },
				"west": { "uv": [ 6.75, 3.5, 9.25, 4 ], "texture": "#texture" },
				"east": { "uv": [ 6.75, 3.5, 9.25, 4 ], "texture": "#texture" }
			}
		},
		{
			"__comment": "Box20",
			"from": [ 9.25, 12, 7.25 ],
			"to": [ 9.5, 12.5, 8.75 ],
			"faces": {
				"down": { "uv": [ 5, 7.5, 7, 8 ], "texture": "#texture", "rotation": 90 },
				"up": { "uv": [ 5, 8, 7, 8.5 ], "texture": "#texture", "rotation": 270 },
				"north": { "uv": [ 7.5, 3.5, 8, 4 ], "texture": "#texture" },
				"south": { "uv": [ 8, 3.5, 8.5, 4 ], "texture": "#texture" },
				"east": { "uv": [ 5, 3.5, 7, 4 ], "texture": "#texture" }
			}
		},
		{
			"__comment": "Box20",
			"from": [ 7.25, 12, 6.5 ],
			"to": [ 8.75, 12.5, 6.75 ],
			"faces": {
				"down": { "uv": [ 7.25, 9.25, 8.75, 9.5 ], "texture": "#texture" },
				"up": { "uv": [ 7.25, 6.5, 8.75, 6.75 ], "texture": "#texture" },
				"north": { "uv": [ 7.25, 3.5, 8.75, 4 ], "texture": "#texture" },
				"west": { "uv": [ 6.5, 3.5, 6.75, 4 ], "texture": "#texture" },
				"east": { "uv": [ 9.25, 3.5, 9.5, 4 ], "texture": "#texture" }
			}
		},
		{
			"__comment": "Box20",
			"from": [ 6.5, 12, 7.25 ],
			"to": [ 6.75, 12.5, 8.75 ],
			"faces": {
				"down": { "uv": [ 5, 7.5, 7, 8 ], "texture": "#texture", "rotation": 90 },
				"up": { "uv": [ 5, 8, 7, 8.5 ], "texture": "#texture", "rotation": 270 },
				"north": { "uv": [ 7.5, 3.5, 8, 4 ], "texture": "#texture" },
				"south": { "uv": [ 8, 3.5, 8.5, 4 ], "texture": "#texture" },
				"west": { "uv": [ 9, 3.5, 11, 4 ], "texture": "#texture" }
			}
		},
		{
			"__comment": "Box8",
			"from": [ 6.75, 12.5, 7.25 ],
			"to": [ 7.25, 13, 8.75 ],
			"faces": {
				"up": { "uv": [ 6.75, 7.25, 7.25, 8.75 ], "texture": "#texture" },
				"north": { "uv": [ 8.75, 3, 9.25, 3.5 ], "texture": "#texture" },
				"south": { "uv": [ 6.75, 3, 7.25, 3.5 ], "texture": "#texture" },
				"west": { "uv": [ 7.25, 3, 8.75, 3.5 ], "texture": "#texture" },
				"east": { "uv": [ 7.25, 3, 8.75, 3.5 ], "texture": "#texture" }
			}
		},
		{
			"__comment": "Box8",
			"from": [ 8.75, 12.5, 7.25 ],
			"to": [ 9.25, 13, 8.75 ],
			"faces": {
				"up": { "uv": [ 8.75, 7.25, 9.25, 8.75 ], "texture": "#texture" },
				"north": { "uv": [ 6.75, 3, 7.25, 3.5 ], "texture": "#texture" },
				"south": { "uv": [ 8.75, 3, 9.25, 3.5 ], "texture": "#texture" },
				"west": { "uv": [ 7.25, 3, 8.75, 3.5 ], "texture": "#texture" },
				"east": { "uv": [ 7.25, 3, 8.75, 3.5 ], "texture": "#texture" }
			}
		},
		{
			"__comment": "Box8",
			"from": [ 7.25, 12.5, 6.75 ],
			"to": [ 8.75, 13, 7.25 ],
			"faces": {
				"up": { "uv": [ 7.5, 6, 8, 7.5 ], "texture": "#texture", "rotation": 270 },
				"north": { "uv": [ 8.5, 3, 10, 3.5 ], "texture": "#texture" },
				"south": { "uv": [ 6, 3, 7.5, 3.5 ], "texture": "#texture" },
				"west": { "uv": [ 8, 3, 8.5, 3.5 ], "texture": "#texture" },
				"east": { "uv": [ 7.5, 3, 8, 3.5 ], "texture": "#texture" }
			}
		},
		{
			"__comment": "Box8",
			"from": [ 8.5, 14, 10 ],
			"to": [ 9.5, 14.5, 10.5 ],
			"faces": {
				"down": { "uv": [ 7.5, 3, 8.5, 4 ], "texture": "#texture" },
				"up": { "uv": [ 7.5, 3, 8.5, 4 ], "texture": "#texture", "cullface": "up" },
				"north": { "uv": [ 7.5, 3, 8.5, 4 ], "texture": "#texture" },
				"south": { "uv": [ 7.5, 3, 8.5, 4 ], "texture": "#texture" },
				"west": { "uv": [ 7.5, 3, 8.5, 4 ], "texture": "#texture" },
				"east": { "uv": [ 7.5, 3, 8.5, 4 ], "texture": "#texture" }
			}
		},
		{
			"__comment": "Box8",
			"from": [ 9.5, 9.5, 9.5 ],
			"to": [ 10, 11, 10 ],
			"faces": {
				"down": { "uv": [ 9.5, 6, 10, 6.5 ], "texture": "#texture" },
				"up": { "uv": [ 9.5, 9.5, 10, 10 ], "texture": "#texture" },
				"north": { "uv": [ 6, 5, 6.5, 6.5 ], "texture": "#texture" },
				"south": { "uv": [ 9.5, 5, 10, 6.5 ], "texture": "#texture" },
				"west": { "uv": [ 9.5, 5, 10, 6.5 ], "texture": "#texture" },
				"east": { "uv": [ 6, 5, 6.5, 6.5 ], "texture": "#texture" }
			}
		},
		{
			"__comment": "Box22",
			"from": [ 7.25, 10.5, 7.25 ],
			"to": [ 8.75, 12, 8.75 ],
			"faces": {
				"down": { "uv": [ 7.5, 10, 8.5, 11 ], "texture": "#texture" },
				"up": { "uv": [ 7.5, 9, 8.5, 10 ], "texture": "#texture" },
				"north": { "uv": [ 7.5, 10, 9, 11.5 ], "texture": "#texture" },
				"south": { "uv": [ 7.5, 10, 9, 11.5 ], "texture": "#texture" },
				"west": { "uv": [ 7.5, 10, 9, 11.5 ], "texture": "#texture" },
				"east": { "uv": [ 7.5, 10, 9, 11.5 ], "texture": "#texture" }
			}
		},
		{
			"__comment": "Box22",
			"from": [ 7.5, 10, 8.5 ],
			"to": [ 8.25, 10.5, 8.75 ],
			"faces": {
				"down": { "uv": [ 7.5, 11, 8.5, 12 ], "texture": "#texture" },
				"up": { "uv": [ 7.5, 9, 8.5, 10 ], "texture": "#texture" },
				"north": { "uv": [ 7.5, 11.5, 9, 13 ], "texture": "#texture" },
				"south": { "uv": [ 7.5, 11.5, 9, 13 ], "texture": "#texture" },
				"west": { "uv": [ 7.5, 11.5, 9, 13 ], "texture": "#texture" },
				"east": { "uv": [ 7.5, 11.5, 9, 13 ], "texture": "#texture" }
			}
		},
		{
			"__comment": "Box22",
			"from": [ 7.5, 10, 7.25 ],
			"to": [ 8.25, 10.5, 7.5 ],
			"faces": {
				"down": { "uv": [ 7.5, 11, 8.5, 12 ], "texture": "#texture" },
				"up": { "uv": [ 7.5, 9, 8.5, 10 ], "texture": "#texture" },
				"north": { "uv": [ 7.5, 11.5, 9, 13 ], "texture": "#texture" },
				"south": { "uv": [ 7.5, 11.5, 9, 13 ], "texture": "#texture" },
				"west": { "uv": [ 7.5, 11.5, 9, 13 ], "texture": "#texture" },
				"east": { "uv": [ 7.5, 11.5, 9, 13 ], "texture": "#texture" }
			}
		},
		{
			"__comment": "Box22",
			"from": [ 8.5, 10, 7.75 ],
			"to": [ 8.75, 10.5, 8.5 ],
			"faces": {
				"down": { "uv": [ 7.5, 11, 8.5, 12 ], "texture": "#texture" },
				"up": { "uv": [ 7.5, 9, 8.5, 10 ], "texture": "#texture" },
				"north": { "uv": [ 7.5, 11.5, 9, 13 ], "texture": "#texture" },
				"south": { "uv": [ 7.5, 11.5, 9, 13 ], "texture": "#texture" },
				"west": { "uv": [ 7.5, 11.5, 9, 13 ], "texture": "#texture" },
				"east": { "uv": [ 7.5, 11.5, 9, 13 ], "texture": "#texture" }
			}
		},
		{
			"__comment": "Box2",
			"from": [ 7, 15, 7 ],
			"to": [ 7.5, 17, 7.5 ],
			"faces": {
				"down": { "uv": [ 0, 12, 1, 13 ], "texture": "#texture", "cullface": "up" },
				"up": { "uv": [ 0, 16, 1, 15 ], "texture": "#texture", "cullface": "up" },
				"north": { "uv": [ 0, 16, 2.5, 12 ], "texture": "#texture", "cullface": "up" },
				"south": { "uv": [ 0, 16, 2.5, 12 ], "texture": "#texture", "cullface": "up" },
				"west": { "uv": [ 0, 16, 2.5, 12 ], "texture": "#texture", "cullface": "up" },
				"east": { "uv": [ 0, 16, 2.5, 12 ], "texture": "#texture", "cullface": "up" }
			}
		},
		{
			"__comment": "Box2",
			"from": [ 7, 15, 7.5 ],
			"to": [ 7.5, 15.5, 8.5 ],
			"faces": {
				"down": { "uv": [ 0, 13, 2, 12 ], "texture": "#texture", "cullface": "up" },
				"up": { "uv": [ 0, 13, 2, 12 ], "texture": "#texture", "cullface": "up" },
				"north": { "uv": [ 0, 13, 2, 12 ], "texture": "#texture", "cullface": "up" },
				"south": { "uv": [ 0, 13, 2, 12 ], "texture": "#texture", "cullface": "up" },
				"west": { "uv": [ 0, 13, 2, 12 ], "texture": "#texture", "cullface": "up" },
				"east": { "uv": [ 0, 13, 2, 12 ], "texture": "#texture", "cullface": "up" }
			}
		},
		{
			"__comment": "Box2",
			"from": [ 8.5, 15, 8.5 ],
			"to": [ 9, 17, 9 ],
			"faces": {
				"down": { "uv": [ 0, 12, 1, 13 ], "texture": "#texture", "cullface": "up" },
				"up": { "uv": [ 0, 16, 1, 15 ], "texture": "#texture", "cullface": "up" },
				"north": { "uv": [ 0, 16, 2.5, 12 ], "texture": "#texture", "cullface": "up" },
				"south": { "uv": [ 0, 16, 2.5, 12 ], "texture": "#texture", "cullface": "up" },
				"west": { "uv": [ 0, 16, 2.5, 12 ], "texture": "#texture", "cullface": "up" },
				"east": { "uv": [ 0, 16, 2.5, 12 ], "texture": "#texture", "cullface": "up" }
			}
		},
		{
			"__comment": "Box2",
			"from": [ 7.5, 15, 8.5 ],
			"to": [ 8.5, 15.5, 9 ],
			"faces": {
				"down": { "uv": [ 0, 13, 2, 12 ], "texture": "#texture", "cullface": "up" },
				"up": { "uv": [ 0, 13, 2, 12 ], "texture": "#texture", "cullface": "up" },
				"north": { "uv": [ 0, 13, 2, 12 ], "texture": "#texture", "cullface": "up" },
				"south": { "uv": [ 0, 13, 2, 12 ], "texture": "#texture", "cullface": "up" },
				"west": { "uv": [ 0, 13, 2, 12 ], "texture": "#texture", "cullface": "up" },
				"east": { "uv": [ 0, 13, 2, 12 ], "texture": "#texture", "cullface": "up" }
			}
		},
		{
			"__comment": "Box2",
			"from": [ 8.5, 15, 7.5 ],
			"to": [ 9, 15.5, 8.5 ],
			"faces": {
				"down": { "uv": [ 0, 13, 2, 12 ], "texture": "#texture", "cullface": "up" },
				"up": { "uv": [ 0, 13, 2, 12 ], "texture": "#texture", "cullface": "up" },
				"north": { "uv": [ 0, 13, 2, 12 ], "texture": "#texture", "cullface": "up" },
				"south": { "uv": [ 0, 13, 2, 12 ], "texture": "#texture", "cullface": "up" },
				"west": { "uv": [ 0, 13, 2, 12 ], "texture": "#texture", "cullface": "up" },
				"east": { "uv": [ 0, 13, 2, 12 ], "texture": "#texture", "cullface": "up" }
			}
		},
		{
			"__comment": "Box2",
			"from": [ 8.5, 15, 7 ],
			"to": [ 9, 17, 7.5 ],
			"faces": {
				"down": { "uv": [ 0, 12, 1, 13 ], "texture": "#texture", "cullface": "up" },
				"up": { "uv": [ 0, 16, 1, 15 ], "texture": "#texture", "cullface": "up" },
				"north": { "uv": [ 0, 16, 2.5, 12 ], "texture": "#texture", "cullface": "up" },
				"south": { "uv": [ 0, 16, 2.5, 12 ], "texture": "#texture", "cullface": "up" },
				"west": { "uv": [ 0, 16, 2.5, 12 ], "texture": "#texture", "cullface": "up" },
				"east": { "uv": [ 0, 16, 2.5, 12 ], "texture": "#texture", "cullface": "up" }
			}
		},
		{
			"__comment": "Box2",
			"from": [ 7.5, 15, 7 ],
			"to": [ 8.5, 15.5, 7.5 ],
			"faces": {
				"down": { "uv": [ 0, 13, 2, 12 ], "texture": "#texture", "cullface": "up" },
				"up": { "uv": [ 0, 13, 2, 12 ], "texture": "#texture", "cullface": "up" },
				"north": { "uv": [ 0, 13, 2, 12 ], "texture": "#texture", "cullface": "up" },
				"south": { "uv": [ 0, 13, 2, 12 ], "texture": "#texture", "cullface": "up" },
				"west": { "uv": [ 0, 13, 2, 12 ], "texture": "#texture", "cullface": "up" },
				"east": { "uv": [ 0, 13, 2, 12 ], "texture": "#texture", "cullface": "up" }
			}
		},
		{
			"__comment": "Box2",
			"from": [ 7, 16.5, 7.5 ],
			"to": [ 7.5, 17, 8.5 ],
			"faces": {
				"down": { "uv": [ 0, 16, 2, 15 ], "texture": "#texture", "cullface": "up" },
				"up": { "uv": [ 0, 16, 2, 15 ], "texture": "#texture", "cullface": "up" },
				"north": { "uv": [ 0, 16, 2, 15 ], "texture": "#texture", "cullface": "up" },
				"south": { "uv": [ 0, 16, 2, 15 ], "texture": "#texture", "cullface": "up" },
				"west": { "uv": [ 0, 16, 2, 15 ], "texture": "#texture", "cullface": "up" },
				"east": { "uv": [ 0, 16, 2, 15 ], "texture": "#texture", "cullface": "up" }
			}
		},
		{
			"__comment": "Box2",
			"from": [ 7.5, 16.5, 8.5 ],
			"to": [ 8.5, 17, 9 ],
			"faces": {
				"down": { "uv": [ 0, 16, 2, 15 ], "texture": "#texture", "cullface": "up" },
				"up": { "uv": [ 0, 16, 2, 15 ], "texture": "#texture", "cullface": "up" },
				"north": { "uv": [ 0, 16, 2, 15 ], "texture": "#texture", "cullface": "up" },
				"south": { "uv": [ 0, 16, 2, 15 ], "texture": "#texture", "cullface": "up" },
				"west": { "uv": [ 0, 16, 2, 15 ], "texture": "#texture", "cullface": "up" },
				"east": { "uv": [ 0, 16, 2, 15 ], "texture": "#texture", "cullface": "up" }
			}
		},
		{
			"__comment": "Box2",
			"from": [ 7.5, 16.5, 7 ],
			"to": [ 8.5, 17, 7.5 ],
			"faces": {
				"down": { "uv": [ 0, 16, 2, 15 ], "texture": "#texture", "cullface": "up" },
				"up": { "uv": [ 0, 16, 2, 15 ], "texture": "#texture", "cullface": "up" },
				"north": { "uv": [ 0, 16, 2, 15 ], "texture": "#texture", "cullface": "up" },
				"south": { "uv": [ 0, 16, 2, 15 ], "texture": "#texture", "cullface": "up" },
				"west": { "uv": [ 0, 16, 2, 15 ], "texture": "#texture", "cullface": "up" },
				"east": { "uv": [ 0, 16, 2, 15 ], "texture": "#texture", "cullface": "up" }
			}
		},
		{
			"__comment": "Box2",
			"from": [ 8.5, 16.5, 7.5 ],
			"to": [ 9, 17, 8.5 ],
			"faces": {
				"down": { "uv": [ 0, 16, 2, 15 ], "texture": "#texture", "cullface": "up" },
				"up": { "uv": [ 0, 16, 2, 15 ], "texture": "#texture", "cullface": "up" },
				"north": { "uv": [ 0, 16, 2, 15 ], "texture": "#texture", "cullface": "up" },
				"south": { "uv": [ 0, 16, 2, 15 ], "texture": "#texture", "cullface": "up" },
				"west": { "uv": [ 0, 16, 2, 15 ], "texture": "#texture", "cullface": "up" },
				"east": { "uv": [ 0, 16, 2, 15 ], "texture": "#texture", "cullface": "up" }
			}
		},
		{
			"__comment": "Box8",
			"from": [ 9.5, 14, 9.5 ],
			"to": [ 10, 14.5, 10 ],
			"faces": {
				"down": { "uv": [ 7.5, 3, 8.5, 4 ], "texture": "#texture" },
				"up": { "uv": [ 7.5, 3, 8.5, 4 ], "texture": "#texture", "cullface": "up" },
				"north": { "uv": [ 7.5, 3, 8.5, 4 ], "texture": "#texture" },
				"south": { "uv": [ 7.5, 3, 8.5, 4 ], "texture": "#texture" },
				"west": { "uv": [ 7.5, 3, 8.5, 4 ], "texture": "#texture" },
				"east": { "uv": [ 7.5, 3, 8.5, 4 ], "texture": "#texture" }
			}
		},
		{
			"__comment": "Box8",
			"from": [ 10, 14, 8 ],
			"to": [ 10.5, 14.5, 9.5 ],
			"faces": {
				"down": { "uv": [ 7.5, 3, 8.5, 4 ], "texture": "#texture" },
				"up": { "uv": [ 7.5, 3, 8.5, 4 ], "texture": "#texture", "cullface": "up" },
				"north": { "uv": [ 7.5, 3, 8.5, 4 ], "texture": "#texture" },
				"south": { "uv": [ 7.5, 3, 8.5, 4 ], "texture": "#texture" },
				"west": { "uv": [ 7.5, 3, 8.5, 4 ], "texture": "#texture" },
				"east": { "uv": [ 7.5, 3, 8.5, 4 ], "texture": "#texture" }
			}
		},
		{
			"__comment": "Box8",
			"from": [ 10, 14.5, 6.5 ],
			"to": [ 10.5, 15, 8 ],
			"faces": {
				"down": { "uv": [ 7.5, 3, 8.5, 4 ], "texture": "#texture" },
				"up": { "uv": [ 7.5, 3, 8.5, 4 ], "texture": "#texture", "cullface": "up" },
				"north": { "uv": [ 7.5, 3, 8.5, 4 ], "texture": "#texture" },
				"south": { "uv": [ 7.5, 3, 8.5, 4 ], "texture": "#texture" },
				"west": { "uv": [ 7.5, 3, 8.5, 4 ], "texture": "#texture" },
				"east": { "uv": [ 7.5, 3, 8.5, 4 ], "texture": "#texture" }
			}
		},
		{
			"__comment": "Box8",
			"from": [ 9.5, 14.5, 6 ],
			"to": [ 10, 15, 6.5 ],
			"faces": {
				"down": { "uv": [ 7.5, 3, 8.5, 4 ], "texture": "#texture" },
				"up": { "uv": [ 7.5, 3, 8.5, 4 ], "texture": "#texture", "cullface": "up" },
				"north": { "uv": [ 7.5, 3, 8.5, 4 ], "texture": "#texture" },
				"south": { "uv": [ 7.5, 3, 8.5, 4 ], "texture": "#texture" },
				"west": { "uv": [ 7.5, 3, 8.5, 4 ], "texture": "#texture" },
				"east": { "uv": [ 7.5, 3, 8.5, 4 ], "texture": "#texture" }
			}
		},
		{
			"__comment": "Box8",
			"from": [ 8, 14.5, 5.5 ],
			"to": [ 9.5, 15, 6 ],
			"faces": {
				"down": { "uv": [ 7.5, 3, 8.5, 4 ], "texture": "#texture" },
				"up": { "uv": [ 7.5, 3, 8.5, 4 ], "texture": "#texture", "cullface": "up" },
				"north": { "uv": [ 7.5, 3, 8.5, 4 ], "texture": "#texture" },
				"south": { "uv": [ 7.5, 3, 8.5, 4 ], "texture": "#texture" },
				"west": { "uv": [ 7.5, 3, 8.5, 4 ], "texture": "#texture" },
				"east": { "uv": [ 7.5, 3, 8.5, 4 ], "texture": "#texture" }
			}
		},
		{
			"__comment": "Box8",
			"from": [ 6.5, 15, 5.5 ],
			"to": [ 8, 15.5, 6 ],
			"faces": {
				"down": { "uv": [ 7.5, 3, 8.5, 6 ], "texture": "#texture", "rotation": 90 },
				"up": { "uv": [ 7.5, 3, 8.5, 6 ], "texture": "#texture", "cullface": "up", "rotation": 90 },
				"north": { "uv": [ 7.5, 3, 8.5, 6 ], "texture": "#texture", "rotation": 270 },
				"south": { "uv": [ 7.5, 3, 8.5, 6 ], "texture": "#texture", "rotation": 90 },
				"west": { "uv": [ 7.5, 5, 8.5, 6 ], "texture": "#texture", "rotation": 90 },
				"east": { "uv": [ 7.5, 3, 8.5, 4 ], "texture": "#texture", "rotation": 90 }
			}
		},
		{
			"__comment": "Box8",
			"from": [ 5.5, 15.5, 7.5 ],
			"to": [ 6, 16, 9 ],
			"faces": {
				"down": { "uv": [ 8, 8, 9, 11 ], "texture": "#texture", "rotation": 180 },
				"up": { "uv": [ 8, 8, 9, 11 ], "texture": "#texture", "cullface": "up" },
				"north": { "uv": [ 8, 8, 9, 9 ], "texture": "#texture" },
				"south": { "uv": [ 8, 10, 9, 11 ], "texture": "#texture" },
				"west": { "uv": [ 8, 8, 9, 11 ], "texture": "#texture", "rotation": 270 },
				"east": { "uv": [ 8, 8, 9, 11 ], "texture": "#texture", "rotation": 90 }
			}
		},
		{
			"__comment": "Box8",
			"from": [ 6, 15, 6 ],
			"to": [ 6.5, 15.5, 6.5 ],
			"faces": {
				"down": { "uv": [ 8, 6, 9, 7 ], "texture": "#texture" },
				"up": { "uv": [ 8, 6, 9, 7 ], "texture": "#texture", "cullface": "up" },
				"north": { "uv": [ 8, 6, 9, 7 ], "texture": "#texture" },
				"south": { "uv": [ 8, 6, 9, 7 ], "texture": "#texture" },
				"west": { "uv": [ 8, 6, 9, 7 ], "texture": "#texture" },
				"east": { "uv": [ 8, 6, 9, 7 ], "texture": "#texture" }
			}
		},
		{
			"__comment": "Box8",
			"from": [ 10, 13.5, 6.5 ],
			"to": [ 10.5, 14, 7.5 ],
			"faces": {
				"down": { "uv": [ 7.5, 3, 8.5, 4 ], "texture": "#texture" },
				"up": { "uv": [ 7.5, 3, 8.5, 4 ], "texture": "#texture", "cullface": "up" },
				"north": { "uv": [ 7.5, 3, 8.5, 4 ], "texture": "#texture" },
				"south": { "uv": [ 7.5, 3, 8.5, 4 ], "texture": "#texture" },
				"west": { "uv": [ 7.5, 3, 8.5, 4 ], "texture": "#texture" },
				"east": { "uv": [ 7.5, 3, 8.5, 4 ], "texture": "#texture" }
			}
		},
		{
			"__comment": "Box8",
			"from": [ 9.5, 13.5, 6 ],
			"to": [ 10, 14, 6.5 ],
			"faces": {
				"down": { "uv": [ 7.5, 3, 8.5, 4 ], "texture": "#texture" },
				"up": { "uv": [ 7.5, 3, 8.5, 4 ], "texture": "#texture", "cullface": "up" },
				"north": { "uv": [ 7.5, 3, 8.5, 4 ], "texture": "#texture" },
				"south": { "uv": [ 7.5, 3, 8.5, 4 ], "texture": "#texture" },
				"west": { "uv": [ 7.5, 3, 8.5, 4 ], "texture": "#texture" },
				"east": { "uv": [ 7.5, 3, 8.5, 4 ], "texture": "#texture" }
			}
		},
		{
			"__comment": "Box8",
			"from": [ 7.5, 13.5, 5.5 ],
			"to": [ 9.5, 14, 6 ],
			"faces": {
				"down": { "uv": [ 7.5, 3, 8.5, 4 ], "texture": "#texture" },
				"up": { "uv": [ 7.5, 3, 8.5, 4 ], "texture": "#texture", "cullface": "up" },
				"north": { "uv": [ 7.5, 3, 8.5, 4 ], "texture": "#texture" },
				"south": { "uv": [ 7.5, 3, 8.5, 4 ], "texture": "#texture" },
				"west": { "uv": [ 7.5, 3, 8.5, 4 ], "texture": "#texture" },
				"east": { "uv": [ 7.5, 3, 8.5, 4 ], "texture": "#texture" }
			}
		},
		{
			"__comment": "Box8",
			"from": [ 6.5, 14, 5.5 ],
			"to": [ 7.5, 14.5, 6 ],
			"faces": {
				"down": { "uv": [ 7.5, 3, 8.5, 4 ], "texture": "#texture" },
				"up": { "uv": [ 7.5, 3, 8.5, 4 ], "texture": "#texture", "cullface": "up" },
				"north": { "uv": [ 7.5, 3, 8.5, 4 ], "texture": "#texture" },
				"south": { "uv": [ 7.5, 3, 8.5, 4 ], "texture": "#texture" },
				"west": { "uv": [ 7.5, 3, 8.5, 4 ], "texture": "#texture" },
				"east": { "uv": [ 7.5, 3, 8.5, 4 ], "texture": "#texture" }
			}
		},
		{
			"__comment": "Box8",
			"from": [ 6, 14, 6 ],
			"to": [ 6.5, 14.5, 6.5 ],
			"faces": {
				"down": { "uv": [ 7.5, 3, 8.5, 4 ], "texture": "#texture" },
				"up": { "uv": [ 7.5, 3, 8.5, 4 ], "texture": "#texture", "cullface": "up" },
				"north": { "uv": [ 7.5, 3, 8.5, 4 ], "texture": "#texture" },
				"south": { "uv": [ 7.5, 3, 8.5, 4 ], "texture": "#texture" },
				"west": { "uv": [ 7.5, 3, 8.5, 4 ], "texture": "#texture" },
				"east": { "uv": [ 7.5, 3, 8.5, 4 ], "texture": "#texture" }
			}
		},
		{
			"__comment": "Box8",
			"from": [ 5.5, 14.5, 8 ],
			"to": [ 6, 15, 9.5 ],
			"faces": {
				"down": { "uv": [ 7.5, 3, 8.5, 4 ], "texture": "#texture" },
				"up": { "uv": [ 7.5, 3, 8.5, 4 ], "texture": "#texture", "cullface": "up" },
				"north": { "uv": [ 7.5, 3, 8.5, 4 ], "texture": "#texture" },
				"south": { "uv": [ 7.5, 3, 8.5, 4 ], "texture": "#texture" },
				"west": { "uv": [ 7.5, 3, 8.5, 4 ], "texture": "#texture" },
				"east": { "uv": [ 7.5, 3, 8.5, 4 ], "texture": "#texture" }
			}
		},
		{
			"__comment": "Box8",
			"from": [ 5.5, 14, 6.5 ],
			"to": [ 6, 14.5, 8 ],
			"faces": {
				"down": { "uv": [ 7.5, 3, 8.5, 4 ], "texture": "#texture" },
				"up": { "uv": [ 7.5, 3, 8.5, 4 ], "texture": "#texture", "cullface": "up" },
				"north": { "uv": [ 7.5, 3, 8.5, 4 ], "texture": "#texture" },
				"south": { "uv": [ 7.5, 3, 8.5, 4 ], "texture": "#texture" },
				"west": { "uv": [ 7.5, 3, 8.5, 4 ], "texture": "#texture" },
				"east": { "uv": [ 7.5, 3, 8.5, 4 ], "texture": "#texture" }
			}
		},
		{
			"__comment": "Box8",
			"from": [ 6, 14.5, 9.5 ],
			"to": [ 6.5, 15, 10 ],
			"faces": {
				"down": { "uv": [ 7.5, 3, 8.5, 4 ], "texture": "#texture" },
				"up": { "uv": [ 7.5, 3, 8.5, 4 ], "texture": "#texture", "cullface": "up" },
				"north": { "uv": [ 7.5, 3, 8.5, 4 ], "texture": "#texture" },
				"south": { "uv": [ 7.5, 3, 8.5, 4 ], "texture": "#texture" },
				"west": { "uv": [ 7.5, 3, 8.5, 4 ], "texture": "#texture" },
				"east": { "uv": [ 7.5, 3, 8.5, 4 ], "texture": "#texture" }
			}
		},
		{
			"__comment": "Box8",
			"from": [ 5.5, 13.5, 8.5 ],
			"to": [ 6, 14, 9.5 ],
			"faces": {
				"down": { "uv": [ 7.5, 3, 8.5, 4 ], "texture": "#texture" },
				"up": { "uv": [ 7.5, 3, 8.5, 4 ], "texture": "#texture", "cullface": "up" },
				"north": { "uv": [ 7.5, 3, 8.5, 4 ], "texture": "#texture" },
				"south": { "uv": [ 7.5, 3, 8.5, 4 ], "texture": "#texture" },
				"west": { "uv": [ 7.5, 3, 8.5, 4 ], "texture": "#texture" },
				"east": { "uv": [ 7.5, 3, 8.5, 4 ], "texture": "#texture" }
			}
		},
		{
			"__comment": "Box8",
			"from": [ 6, 13.5, 9.5 ],
			"to": [ 6.5, 14, 10 ],
			"faces": {
				"down": { "uv": [ 7.5, 3, 8.5, 4 ], "texture": "#texture" },
				"up": { "uv": [ 7.5, 3, 8.5, 4 ], "texture": "#texture", "cullface": "up" },
				"north": { "uv": [ 7.5, 3, 8.5, 4 ], "texture": "#texture" },
				"south": { "uv": [ 7.5, 3, 8.5, 4 ], "texture": "#texture" },
				"west": { "uv": [ 7.5, 3, 8.5, 4 ], "texture": "#texture" },
				"east": { "uv": [ 7.5, 3, 8.5, 4 ], "texture": "#texture" }
			}
		},
		{
			"__comment": "Box8",
			"from": [ 6.5, 13.5, 10 ],
			"to": [ 8.5, 14, 10.5 ],
			"faces": {
				"down": { "uv": [ 7.5, 3, 8.5, 4 ], "texture": "#texture" },
				"up": { "uv": [ 7.5, 3, 8.5, 4 ], "texture": "#texture", "cullface": "up" },
				"north": { "uv": [ 7.5, 3, 8.5, 4 ], "texture": "#texture" },
				"south": { "uv": [ 7.5, 3, 8.5, 4 ], "texture": "#texture" },
				"west": { "uv": [ 7.5, 3, 8.5, 4 ], "texture": "#texture" },
				"east": { "uv": [ 7.5, 3, 8.5, 4 ], "texture": "#texture" }
			}
		},
		{
			"__comment": "Box8",
			"from": [ 8, 15, 10 ],
			"to": [ 9.5, 15.5, 10.5 ],
			"faces": {
				"down": { "uv": [ 7.5, 3, 8.5, 6 ], "texture": "#texture", "rotation": 270 },
				"up": { "uv": [ 7.5, 3, 8.5, 6 ], "texture": "#texture", "cullface": "up", "rotation": 270 },
				"north": { "uv": [ 7.5, 3, 8.5, 6 ], "texture": "#texture", "rotation": 90 },
				"south": { "uv": [ 7.5, 3, 8.5, 6 ], "texture": "#texture", "rotation": 270 },
				"west": { "uv": [ 7.5, 3, 8.5, 4 ], "texture": "#texture", "rotation": 90 },
				"east": { "uv": [ 7.5, 5, 8.5, 6 ], "texture": "#texture", "rotation": 90 }
			}
		},
		{
			"__comment": "Box8",
			"from": [ 9.5, 15, 9.5 ],
			"to": [ 10, 15.5, 10 ],
			"faces": {
				"down": { "uv": [ 8, 6, 9, 7 ], "texture": "#texture" },
				"up": { "uv": [ 8, 6, 9, 7 ], "texture": "#texture", "cullface": "up" },
				"north": { "uv": [ 8, 6, 9, 7 ], "texture": "#texture" },
				"south": { "uv": [ 8, 6, 9, 7 ], "texture": "#texture" },
				"west": { "uv": [ 8, 6, 9, 7 ], "texture": "#texture" },
				"east": { "uv": [ 8, 6, 9, 7 ], "texture": "#texture" }
			}
		},
		{
			"__comment": "Box8",
			"from": [ 10, 15, 8.5 ],
			"to": [ 10.5, 15.5, 9.5 ],
			"faces": {
				"down": { "uv": [ 8, 7, 9, 9 ], "texture": "#texture" },
				"up": { "uv": [ 8, 9, 9, 7 ], "texture": "#texture", "cullface": "up" },
				"north": { "uv": [ 8, 8, 9, 9 ], "texture": "#texture" },
				"south": { "uv": [ 8, 7, 9, 8 ], "texture": "#texture" },
				"west": { "uv": [ 8, 7, 9, 9 ], "texture": "#texture", "rotation": 90 },
				"east": { "uv": [ 7.5, 7, 8.5, 9 ], "texture": "#texture", "rotation": 270 }
			}
		},
		{
			"__comment": "Box8",
			"from": [ 10, 15.5, 7 ],
			"to": [ 10.5, 16, 8.5 ],
			"faces": {
				"down": { "uv": [ 9, 11, 8, 8 ], "texture": "#texture", "rotation": 180 },
				"up": { "uv": [ 8, 11, 9, 8 ], "texture": "#texture", "cullface": "up" },
				"north": { "uv": [ 8, 10, 9, 11 ], "texture": "#texture" },
				"south": { "uv": [ 8, 8, 9, 9 ], "texture": "#texture" },
				"west": { "uv": [ 9, 11, 8, 8 ], "texture": "#texture", "rotation": 270 },
				"east": { "uv": [ 8, 11, 9, 8 ], "texture": "#texture", "rotation": 90 }
			}
		},
		{
			"__comment": "Box8",
			"from": [ 6.5, 14.5, 10 ],
			"to": [ 8, 15, 10.5 ],
			"faces": {
				"down": { "uv": [ 7.5, 3, 8.5, 4 ], "texture": "#texture" },
				"up": { "uv": [ 7.5, 3, 8.5, 4 ], "texture": "#texture", "cullface": "up" },
				"north": { "uv": [ 7.5, 3, 8.5, 4 ], "texture": "#texture" },
				"south": { "uv": [ 7.5, 3, 8.5, 4 ], "texture": "#texture" },
				"west": { "uv": [ 7.5, 3, 8.5, 4 ], "texture": "#texture" },
				"east": { "uv": [ 7.5, 3, 8.5, 4 ], "texture": "#texture" }
			}
		},
		{
			"__comment": "Box8",
			"from": [ 9.25, 11, 9.25 ],
			"to": [ 9.75, 12.5, 9.75 ],
			"faces": {
				"down": { "uv": [ 9.25, 6.25, 9.75, 6.75 ], "texture": "#texture" },
				"up": { "uv": [ 9.25, 9.25, 9.75, 9.75 ], "texture": "#texture" },
				"north": { "uv": [ 6.25, 3.5, 6.75, 5 ], "texture": "#texture" },
				"south": { "uv": [ 9.25, 3.5, 9.75, 5 ], "texture": "#texture" },
				"west": { "uv": [ 9.25, 3.5, 9.75, 5 ], "texture": "#texture" },
				"east": { "uv": [ 6.25, 3.5, 6.75, 5 ], "texture": "#texture" }
			}
		},
		{
			"__comment": "Box8",
			"from": [ 9, 12.5, 9 ],
			"to": [ 9.5, 13.5, 9.5 ],
			"faces": {
				"down": { "uv": [ 9, 6.5, 9.5, 7 ], "texture": "#texture" },
				"up": { "uv": [ 9, 9, 9.5, 9.5 ], "texture": "#texture" },
				"north": { "uv": [ 6.5, 2.5, 7, 3.5 ], "texture": "#texture" },
				"south": { "uv": [ 9, 2.5, 9.5, 3.5 ], "texture": "#texture" },
				"west": { "uv": [ 9, 2.5, 9.5, 3.5 ], "texture": "#texture" },
				"east": { "uv": [ 6.5, 2.5, 7, 3.5 ], "texture": "#texture" }
			}
		},
		{
			"__comment": "Box8",
			"from": [ 9.5, 9.5, 6 ],
			"to": [ 10, 11, 6.5 ],
			"faces": {
				"down": { "uv": [ 9.5, 9.5, 10, 10 ], "texture": "#texture" },
				"up": { "uv": [ 9.5, 6, 10, 6.5 ], "texture": "#texture" },
				"north": { "uv": [ 6, 5, 6.5, 6.5 ], "texture": "#texture" },
				"south": { "uv": [ 9.5, 5, 10, 6.5 ], "texture": "#texture" },
				"west": { "uv": [ 6, 5, 6.5, 6.5 ], "texture": "#texture" },
				"east": { "uv": [ 9.5, 5, 10, 6.5 ], "texture": "#texture" }
			}
		},
		{
			"__comment": "Box8",
			"from": [ 9.25, 11, 6.25 ],
			"to": [ 9.75, 12.5, 6.75 ],
			"faces": {
				"down": { "uv": [ 9.25, 9.25, 9.75, 9.75 ], "texture": "#texture" },
				"up": { "uv": [ 9.25, 6.25, 9.75, 6.75 ], "texture": "#texture" },
				"north": { "uv": [ 6.25, 3.5, 6.75, 5 ], "texture": "#texture" },
				"south": { "uv": [ 9.25, 3.5, 9.75, 5 ], "texture": "#texture" },
				"west": { "uv": [ 6.25, 3.5, 6.75, 5 ], "texture": "#texture" },
				"east": { "uv": [ 9.25, 3.5, 9.75, 5 ], "texture": "#texture" }
			}
		},
		{
			"__comment": "Box8",
			"from": [ 9, 12.5, 6.5 ],
			"to": [ 9.5, 13.5, 7 ],
			"faces": {
				"down": { "uv": [ 9, 9, 9.5, 9.5 ], "texture": "#texture" },
				"up": { "uv": [ 9, 6.5, 9.5, 7 ], "texture": "#texture" },
				"north": { "uv": [ 6.5, 2.5, 7, 3.5 ], "texture": "#texture" },
				"south": { "uv": [ 9, 2.5, 9.5, 3.5 ], "texture": "#texture" },
				"west": { "uv": [ 6.5, 2.5, 7, 3.5 ], "texture": "#texture" },
				"east": { "uv": [ 9, 2.5, 9.5, 3.5 ], "texture": "#texture" }
			}
		},
		{
			"__comment": "Box8",
			"from": [ 6, 9.5, 9.5 ],
			"to": [ 6.5, 11, 10 ],
			"faces": {
				"down": { "uv": [ 6, 6, 6.5, 6.5 ], "texture": "#texture" },
				"up": { "uv": [ 6, 9.5, 6.5, 10 ], "texture": "#texture" },
				"north": { "uv": [ 9.5, 5, 10, 6.5 ], "texture": "#texture" },
				"south": { "uv": [ 6, 5, 6.5, 6.5 ], "texture": "#texture" },
				"west": { "uv": [ 9.5, 5, 10, 6.5 ], "texture": "#texture" },
				"east": { "uv": [ 6, 5, 6.5, 6.5 ], "texture": "#texture" }
			}
		},
		{
			"__comment": "Box8",
			"from": [ 6.25, 11, 9.25 ],
			"to": [ 6.75, 12.5, 9.75 ],
			"faces": {
				"down": { "uv": [ 6.25, 6.25, 6.75, 6.75 ], "texture": "#texture" },
				"up": { "uv": [ 6.25, 9.25, 6.75, 9.75 ], "texture": "#texture" },
				"north": { "uv": [ 9.25, 3.5, 9.75, 5 ], "texture": "#texture" },
				"south": { "uv": [ 6.25, 3.5, 6.75, 5 ], "texture": "#texture" },
				"west": { "uv": [ 9.25, 3.5, 9.75, 5 ], "texture": "#texture" },
				"east": { "uv": [ 6.25, 3.5, 6.75, 5 ], "texture": "#texture" }
			}
		},
		{
			"__comment": "Box8",
			"from": [ 6.5, 12.5, 9 ],
			"to": [ 7, 13.5, 9.5 ],
			"faces": {
				"down": { "uv": [ 6.5, 6.5, 7, 7 ], "texture": "#texture" },
				"up": { "uv": [ 6.5, 9, 7, 9.5 ], "texture": "#texture" },
				"north": { "uv": [ 9, 2.5, 9.5, 3.5 ], "texture": "#texture" },
				"south": { "uv": [ 6.5, 2.5, 7, 3.5 ], "texture": "#texture" },
				"west": { "uv": [ 9, 2.5, 9.5, 3.5 ], "texture": "#texture" },
				"east": { "uv": [ 6.5, 2.5, 7, 3.5 ], "texture": "#texture" }
			}
		},
		{
			"__comment": "Box8",
			"from": [ 6.5, 12.5, 6.5 ],
			"to": [ 7, 13.5, 7 ],
			"faces": {
				"down": { "uv": [ 6.5, 9, 7, 9.5 ], "texture": "#texture" },
				"up": { "uv": [ 6.5, 6.5, 7, 7 ], "texture": "#texture" },
				"north": { "uv": [ 9, 2.5, 9.5, 3.5 ], "texture": "#texture" },
				"south": { "uv": [ 6.5, 2.5, 7, 3.5 ], "texture": "#texture" },
				"west": { "uv": [ 6.5, 2.5, 7, 3.5 ], "texture": "#texture" },
				"east": { "uv": [ 9, 2.5, 9.5, 3.5 ], "texture": "#texture" }
			}
		},
		{
			"__comment": "Box8",
			"from": [ 6.25, 11, 6.25 ],
			"to": [ 6.75, 12.5, 6.75 ],
			"faces": {
				"down": { "uv": [ 6.25, 9.25, 6.75, 9.75 ], "texture": "#texture" },
				"up": { "uv": [ 6.25, 6.25, 6.75, 6.75 ], "texture": "#texture" },
				"north": { "uv": [ 9.25, 3.5, 9.75, 5 ], "texture": "#texture" },
				"south": { "uv": [ 6.25, 3.5, 6.75, 5 ], "texture": "#texture" },
				"west": { "uv": [ 6.25, 3.5, 6.75, 5 ], "texture": "#texture" },
				"east": { "uv": [ 9.25, 3.5, 9.75, 5 ], "texture": "#texture" }
			}
		},
		{
			"__comment": "Box8",
			"from": [ 6, 9.5, 6 ],
			"to": [ 6.5, 11, 6.5 ],
			"faces": {
				"down": { "uv": [ 6, 9.5, 6.5, 10 ], "texture": "#texture" },
				"up": { "uv": [ 6, 6, 6.5, 6.5 ], "texture": "#texture" },
				"north": { "uv": [ 9.5, 5, 10, 6.5 ], "texture": "#texture" },
				"south": { "uv": [ 6, 5, 6.5, 6.5 ], "texture": "#texture" },
				"west": { "uv": [ 6, 5, 6.5, 6.5 ], "texture": "#texture" },
				"east": { "uv": [ 9.5, 5, 10, 6.5 ], "texture": "#texture" }
			}
		},
		{
			"__comment": "Box20",
			"from": [ 7.25, 11.5, 6.75 ],
			"to": [ 8.75, 12, 7.25 ],
			"faces": {
				"down": { "uv": [ 7.25, 8.75, 8.75, 9.25 ], "texture": "#texture" },
				"up": { "uv": [ 7.25, 6.75, 8.75, 7.25 ], "texture": "#texture" },
				"north": { "uv": [ 7.25, 4, 8.75, 4.5 ], "texture": "#texture" },
				"west": { "uv": [ 6.75, 4, 7.25, 4.5 ], "texture": "#texture" },
				"east": { "uv": [ 8.75, 4, 9.25, 4.5 ], "texture": "#texture" }
			}
		},
		{
			"__comment": "Box20",
			"from": [ 6.75, 11.5, 7.25 ],
			"to": [ 7.25, 12, 8.75 ],
			"faces": {
				"down": { "uv": [ 5, 7.5, 7, 8 ], "texture": "#texture", "rotation": 90 },
				"up": { "uv": [ 5, 8, 7, 8.5 ], "texture": "#texture", "rotation": 270 },
				"north": { "uv": [ 7.5, 3.5, 8, 4 ], "texture": "#texture" },
				"south": { "uv": [ 8, 3.5, 8.5, 4 ], "texture": "#texture" },
				"west": { "uv": [ 9, 3.5, 11, 4 ], "texture": "#texture" }
			}
		},
		{
			"__comment": "Box20",
			"from": [ 7.25, 11.5, 8.75 ],
			"to": [ 8.75, 12, 9.25 ],
			"faces": {
				"down": { "uv": [ 7.25, 6.75, 8.75, 7.25 ], "texture": "#texture" },
				"up": { "uv": [ 7.25, 8.75, 8.75, 9.25 ], "texture": "#texture" },
				"south": { "uv": [ 7.25, 4, 8.75, 4.5 ], "texture": "#texture" },
				"west": { "uv": [ 8.75, 4, 9.25, 4.5 ], "texture": "#texture" },
				"east": { "uv": [ 6.75, 4, 7.25, 4.5 ], "texture": "#texture" }
			}
		},
		{
			"__comment": "Box20",
			"from": [ 8.75, 11.5, 7.25 ],
			"to": [ 9.25, 12, 8.75 ],
			"faces": {
				"down": { "uv": [ 5, 7.5, 7, 8 ], "texture": "#texture", "rotation": 90 },
				"up": { "uv": [ 5, 8, 7, 8.5 ], "texture": "#texture", "rotation": 270 },
				"north": { "uv": [ 7.5, 3.5, 8, 4 ], "texture": "#texture" },
				"south": { "uv": [ 8, 3.5, 8.5, 4 ], "texture": "#texture" },
				"east": { "uv": [ 5, 3.5, 7, 4 ], "texture": "#texture" }
			}
		},
		{
			"__comment": "Box8",
			"from": [ 5.5, 15, 6.5 ],
			"to": [ 6, 15.5, 7.5 ],
			"faces": {
				"down": { "uv": [ 8, 9, 9, 7 ], "texture": "#texture" },
				"up": { "uv": [ 8, 7, 9, 9 ], "texture": "#texture", "cullface": "up" },
				"north": { "uv": [ 8, 7, 9, 8 ], "texture": "#texture" },
				"south": { "uv": [ 8, 8, 9, 9 ], "texture": "#texture" },
				"west": { "uv": [ 7.5, 7, 8.5, 9 ], "texture": "#texture", "rotation": 270 },
				"east": { "uv": [ 8, 7, 9, 9 ], "texture": "#texture", "rotation": 90 }
			}
		},
		{
			"__comment": "Box22",
			"from": [ 7.25, -6.5, 7.25 ],
			"to": [ 8.75, -6, 8.75 ],
			"faces": {
				"down": { "uv": [ 15, 0, 16, 1 ], "texture": "#texture", "cullface": "down" },
				"up": { "uv": [ 15, 2, 16, 3 ], "texture": "#texture", "cullface": "down" },
				"north": { "uv": [ 14.5, 1, 16, 2 ], "texture": "#texture", "cullface": "down" },
				"south": { "uv": [ 14.5, 1, 16, 2 ], "texture": "#texture", "cullface": "down" },
				"west": { "uv": [ 14.5, 1, 16, 2 ], "texture": "#texture", "cullface": "down" },
				"east": { "uv": [ 14.5, 1, 16, 2 ], "texture": "#texture", "cullface": "down" }
			}
		},
		{
			"__comment": "Box22",
			"from": [ 8, 9.5, 7.25 ],
			"to": [ 8.5, 10, 7.5 ],
			"faces": {
				"down": { "uv": [ 7.5, 14, 8.5, 15 ], "texture": "#texture" },
				"up": { "uv": [ 7.5, 12, 8.5, 13 ], "texture": "#texture" },
				"north": { "uv": [ 7.5, 13.5, 9, 15 ], "texture": "#texture" },
				"south": { "uv": [ 7.5, 13.5, 9, 15 ], "texture": "#texture" },
				"west": { "uv": [ 7.5, 13.5, 9, 15 ], "texture": "#texture" },
				"east": { "uv": [ 7.5, 13.5, 9, 15 ], "texture": "#texture" }
			}
		},
		{
			"__comment": "Box22",
			"from": [ 8, 9.5, 8.5 ],
			"to": [ 8.5, 10, 8.75 ],
			"faces": {
				"down": { "uv": [ 7.5, 14, 8.5, 15 ], "texture": "#texture" },
				"up": { "uv": [ 7.5, 12, 8.5, 13 ], "texture": "#texture" },
				"north": { "uv": [ 7.5, 13.5, 9, 15 ], "texture": "#texture" },
				"south": { "uv": [ 7.5, 13.5, 9, 15 ], "texture": "#texture" },
				"west": { "uv": [ 7.5, 13.5, 9, 15 ], "texture": "#texture" },
				"east": { "uv": [ 7.5, 13.5, 9, 15 ], "texture": "#texture" }
			}
		},
		{
			"__comment": "Box22",
			"from": [ 8.5, 9.5, 7.5 ],
			"to": [ 8.75, 10, 8 ],
			"faces": {
				"down": { "uv": [ 7.5, 14, 8.5, 15 ], "texture": "#texture" },
				"up": { "uv": [ 7.5, 12, 8.5, 13 ], "texture": "#texture" },
				"north": { "uv": [ 7.5, 13.5, 9, 15 ], "texture": "#texture" },
				"south": { "uv": [ 7.5, 13.5, 9, 15 ], "texture": "#texture" },
				"west": { "uv": [ 7.5, 13.5, 9, 15 ], "texture": "#texture" },
				"east": { "uv": [ 7.5, 13.5, 9, 15 ], "texture": "#texture" }
			}
		},
		{
			"__comment": "Box22",
			"from": [ 8.5, 9, 8 ],
			"to": [ 8.75, 9.25, 8.25 ],
			"faces": {
				"down": { "uv": [ 7.5, 15, 8.5, 16 ], "texture": "#texture" },
				"up": { "uv": [ 7.5, 15, 8.5, 16 ], "texture": "#texture" },
				"north": { "uv": [ 7.5, 15, 8.5, 16 ], "texture": "#texture" },
				"south": { "uv": [ 7.5, 15, 8.5, 16 ], "texture": "#texture" },
				"west": { "uv": [ 7.5, 15, 8.5, 16 ], "texture": "#texture" },
				"east": { "uv": [ 7.5, 15, 8.5, 16 ], "texture": "#texture" }
			}
		},
		{
			"__comment": "Box22",
			"from": [ 7.75, 9, 8.5 ],
			"to": [ 8, 9.25, 8.75 ],
			"faces": {
				"down": { "uv": [ 7.5, 15, 8.5, 16 ], "texture": "#texture" },
				"up": { "uv": [ 7.5, 15, 8.5, 16 ], "texture": "#texture" },
				"north": { "uv": [ 7.5, 15, 8.5, 16 ], "texture": "#texture" },
				"south": { "uv": [ 7.5, 15, 8.5, 16 ], "texture": "#texture" },
				"west": { "uv": [ 7.5, 15, 8.5, 16 ], "texture": "#texture" },
				"east": { "uv": [ 7.5, 15, 8.5, 16 ], "texture": "#texture" }
			}
		},
		{
			"__comment": "Box22",
			"from": [ 7.25, 9.25, 7.75 ],
			"to": [ 7.5, 9.75, 8.25 ],
			"faces": {
				"down": { "uv": [ 7.5, 14, 8.5, 15 ], "texture": "#texture" },
				"up": { "uv": [ 7.5, 12, 8.5, 13 ], "texture": "#texture" },
				"north": { "uv": [ 7.5, 14, 8.5, 15 ], "texture": "#texture" },
				"south": { "uv": [ 7.5, 14, 8.5, 15 ], "texture": "#texture" },
				"west": { "uv": [ 7.5, 14, 8.5, 15 ], "texture": "#texture" },
				"east": { "uv": [ 7.5, 14, 8.5, 15 ], "texture": "#texture" }
			}
		},
		{
			"__comment": "Box22",
			"from": [ 7.5, 8.75, 7.25 ],
			"to": [ 8, 9.25, 7.5 ],
			"faces": {
				"down": { "uv": [ 7.5, 15, 8.5, 16 ], "texture": "#texture" },
				"up": { "uv": [ 7.5, 15, 8.5, 16 ], "texture": "#texture" },
				"north": { "uv": [ 7.5, 15, 8.5, 16 ], "texture": "#texture" },
				"south": { "uv": [ 7.5, 15, 8.5, 16 ], "texture": "#texture" },
				"west": { "uv": [ 7.5, 15, 8.5, 16 ], "texture": "#texture" },
				"east": { "uv": [ 7.5, 15, 8.5, 16 ], "texture": "#texture" }
			}
		},
		{
			"__comment": "Box20",
			"from": [ 8.75, 10.75, 7.25 ],
			"to": [ 9, 11.25, 8.75 ],
			"faces": {
				"down": { "uv": [ 5, 7.5, 7, 8 ], "texture": "#texture", "rotation": 90 },
				"up": { "uv": [ 5, 8, 7, 8.5 ], "texture": "#texture", "rotation": 270 },
				"north": { "uv": [ 7.5, 3.5, 8, 4 ], "texture": "#texture" },
				"south": { "uv": [ 8, 3.5, 8.5, 4 ], "texture": "#texture" },
				"east": { "uv": [ 5, 3.5, 7, 4 ], "texture": "#texture" }
			}
		},
		{
			"__comment": "Box20",
			"from": [ 7.25, 10.75, 7 ],
			"to": [ 8.75, 11.25, 7.25 ],
			"faces": {
				"down": { "uv": [ 7.25, 8.75, 8.75, 9 ], "texture": "#texture" },
				"up": { "uv": [ 7.25, 7, 8.75, 7.25 ], "texture": "#texture" },
				"north": { "uv": [ 7.25, 4.75, 8.75, 5.25 ], "texture": "#texture" },
				"west": { "uv": [ 7, 4.75, 7.25, 5.25 ], "texture": "#texture" },
				"east": { "uv": [ 8.75, 4.75, 9, 5.25 ], "texture": "#texture" }
			}
		},
		{
			"__comment": "Box20",
			"from": [ 7, 10.75, 7.25 ],
			"to": [ 7.25, 11.25, 8.75 ],
			"faces": {
				"down": { "uv": [ 5, 7.5, 7, 8 ], "texture": "#texture", "rotation": 90 },
				"up": { "uv": [ 5, 8, 7, 8.5 ], "texture": "#texture", "rotation": 270 },
				"north": { "uv": [ 7.5, 3.5, 8, 4 ], "texture": "#texture" },
				"south": { "uv": [ 8, 3.5, 8.5, 4 ], "texture": "#texture" },
				"west": { "uv": [ 9, 3.5, 11, 4 ], "texture": "#texture" }
			}
		},
		{
			"__comment": "Box20",
			"from": [ 7.25, 10.75, 8.75 ],
			"to": [ 8.75, 11.25, 9 ],
			"faces": {
				"down": { "uv": [ 7.25, 7, 8.75, 7.25 ], "texture": "#texture" },
				"up": { "uv": [ 7.25, 8.75, 8.75, 9 ], "texture": "#texture" },
				"south": { "uv": [ 7.25, 4.75, 8.75, 5.25 ], "texture": "#texture" },
				"west": { "uv": [ 8.75, 4.75, 9, 5.25 ], "texture": "#texture" },
				"east": { "uv": [ 7, 4.75, 7.25, 5.25 ], "texture": "#texture" }
			}
		}
	]
}