{
	"__comment": "Elements Battle Item Designed by BlackNight_AY",
	"textures": {
		"particle": "item/particle",
		"texture": "item/thunderwand"
	},
	"elements": [ 	 
		{
			"__comment": "Box9",
			"from": [ 7.5, -6.75, 7.5 ],
			"to": [ 8.5, 13.75, 8.5 ],
			"faces": {
				"down": { "uv": [ 7, 15, 8, 16 ], "texture": "#texture", "cullface": "down" },
				"up": { "uv": [ 7.5, 9, 8.5, 10 ], "texture": "#texture", "cullface": "down" },
				"north": { "uv": [ 7.5, 1.75, 8.5, 16 ], "texture": "#texture", "cullface": "down" },
				"south": { "uv": [ 7.5, 1.75, 8.5, 16 ], "texture": "#texture", "cullface": "down" },
				"west": { "uv": [ 7.5, 1.75, 8.5, 16 ], "texture": "#texture", "cullface": "down" },
				"east": { "uv": [ 7.5, 1.75, 8.5, 16 ], "texture": "#texture", "cullface": "down" }
			}
		},
		{
			"__comment": "Box2",
			"from": [ 7.375, 15.25, 7.125 ],
			"to": [ 8.625, 16.5, 7.375 ],
			"faces": {
				"down": { "uv": [ 0, 15.5, 1.5, 16 ], "texture": "#texture", "cullface": "up" },
				"up": { "uv": [ 0, 15.5, 1.5, 16 ], "texture": "#texture", "cullface": "up" },
				"north": { "uv": [ 0, 16, 2.5, 13 ], "texture": "#texture", "cullface": "up" },
				"west": { "uv": [ 0, 16, 0.5, 14.5 ], "texture": "#texture", "cullface": "up" },
				"east": { "uv": [ 0, 16, 0.5, 14.5 ], "texture": "#texture", "cullface": "up" }
			}
		},
		{
			"__comment": "Box2",
			"from": [ 7.375, 15, 7.375 ],
			"to": [ 8.625, 16.75, 8.625 ],
			"faces": {
				"down": { "uv": [ 0, 13, 1, 14 ], "texture": "#texture", "cullface": "up" },
				"up": { "uv": [ 0, 15, 1, 16 ], "texture": "#texture", "cullface": "up" },
				"north": { "uv": [ 0, 16, 1.5, 12 ], "texture": "#texture", "cullface": "up" },
				"south": { "uv": [ 0, 16, 1.5, 12 ], "texture": "#texture", "cullface": "up" },
				"west": { "uv": [ 0, 16, 1.5, 12 ], "texture": "#texture", "cullface": "up" },
				"east": { "uv": [ 0, 16, 1.5, 12 ], "texture": "#texture", "cullface": "up" }
			}
		},
		{
			"__comment": "Box2",
			"from": [ 7.125, 15.25, 7.375 ],
			"to": [ 7.375, 16.5, 8.625 ],
			"faces": {
				"down": { "uv": [ 0, 15.5, 1.5, 16 ], "texture": "#texture", "cullface": "up" },
				"up": { "uv": [ 0, 15.5, 1.5, 16 ], "texture": "#texture", "cullface": "up" },
				"north": { "uv": [ 0, 16, 2.5, 13 ], "texture": "#texture", "cullface": "up" },
				"south": { "uv": [ 0, 16, 1, 13 ], "texture": "#texture", "cullface": "up" },
				"west": { "uv": [ 0, 16, 2, 13 ], "texture": "#texture", "cullface": "up" }
			}
		},
		{
			"__comment": "Box2",
			"from": [ 7.375, 15.25, 8.625 ],
			"to": [ 8.625, 16.5, 8.875 ],
			"faces": {
				"down": { "uv": [ 0, 15.5, 1.5, 16 ], "texture": "#texture", "cullface": "up" },
				"up": { "uv": [ 0, 15.5, 1.5, 16 ], "texture": "#texture", "cullface": "up" },
				"south": { "uv": [ 0, 16, 2.5, 13 ], "texture": "#texture", "cullface": "up" },
				"west": { "uv": [ 0, 16, 0.5, 14.5 ], "texture": "#texture", "cullface": "up" },
				"east": { "uv": [ 0, 16, 0.5, 14.5 ], "texture": "#texture", "cullface": "up" }
			}
		},
		{
			"__comment": "Box2",
			"from": [ 8.625, 15.25, 7.375 ],
			"to": [ 8.875, 16.5, 8.625 ],
			"faces": {
				"down": { "uv": [ 0, 15.5, 1.5, 16 ], "texture": "#texture", "cullface": "up" },
				"up": { "uv": [ 0, 15.5, 1.5, 16 ], "texture": "#texture", "cullface": "up" },
				"north": { "uv": [ 0, 16, 2.5, 13 ], "texture": "#texture", "cullface": "up" },
				"south": { "uv": [ 0, 16, 1, 13 ], "texture": "#texture", "cullface": "up" },
				"east": { "uv": [ 0, 16, 2, 13 ], "texture": "#texture", "cullface": "up" }
			}
		},
		{
			"__comment": "Box8",
			"from": [ 7.25, 12.5, 8.75 ],
			"to": [ 8.75, 13, 9.25 ],
			"faces": {
				"up": { "uv": [ 7.5, 6, 8, 7.5 ], "texture": "#texture", "rotation": 270 },
				"north": { "uv": [ 8.5, 3, 10, 3.5 ], "texture": "#texture" },
				"south": { "uv": [ 6, 3, 7.5, 3.5 ], "texture": "#texture" },
				"west": { "uv": [ 8, 3, 8.5, 3.5 ], "texture": "#texture" },
				"east": { "uv": [ 7.5, 3, 8, 3.5 ], "texture": "#texture" }
			}
		},
		{
			"__comment": "Box8",
			"from": [ 9.25, 13, 7.75 ],
			"to": [ 9.75, 14, 8.25 ],
			"faces": {
				"down": { "uv": [ 9.25, 7.75, 9.75, 8.25 ], "texture": "#texture" },
				"up": { "uv": [ 9.25, 7.75, 9.75, 8.25 ], "texture": "#texture" },
				"north": { "uv": [ 6.25, 2, 6.75, 3 ], "texture": "#texture" },
				"south": { "uv": [ 9.25, 2, 9.75, 3 ], "texture": "#texture" },
				"west": { "uv": [ 7.75, 2, 8.25, 3 ], "texture": "#texture" },
				"east": { "uv": [ 7.75, 2, 8.25, 3 ], "texture": "#texture" }
			}
		},
		{
			"__comment": "Box20",
			"from": [ 7.25, 12, 9 ],
			"to": [ 8.75, 12.5, 9.5 ],
			"faces": {
				"down": { "uv": [ 7.25, 6.5, 8.75, 7 ], "texture": "#texture" },
				"up": { "uv": [ 7.25, 9, 8.75, 9.5 ], "texture": "#texture" },
				"south": { "uv": [ 7.25, 3.5, 8.75, 4 ], "texture": "#texture" },
				"west": { "uv": [ 9, 3.5, 9.5, 4 ], "texture": "#texture" },
				"east": { "uv": [ 6.5, 3.5, 7, 4 ], "texture": "#texture" }
			}
		},
		{
			"__comment": "Box22",
			"from": [ 7.25, -7.25, 7.25 ],
			"to": [ 8.75, -6.75, 8.75 ],
			"faces": {
				"down": { "uv": [ 15, 6, 16, 7 ], "texture": "#texture", "cullface": "down" },
				"up": { "uv": [ 15, 8, 16, 9 ], "texture": "#texture", "cullface": "down" },
				"north": { "uv": [ 14, 7, 16, 8 ], "texture": "#texture", "cullface": "down" },
				"south": { "uv": [ 14, 7, 16, 8 ], "texture": "#texture", "cullface": "down" },
				"west": { "uv": [ 14, 7, 16, 8 ], "texture": "#texture", "cullface": "down" },
				"east": { "uv": [ 14, 7, 16, 8 ], "texture": "#texture", "cullface": "down" }
			}
		},
		{
			"__comment": "Box22",
			"from": [ 7.25, -6.5, 7.25 ],
			"to": [ 8.75, -6, 8.75 ],
			"faces": {
				"down": { "uv": [ 15, 6, 16, 7 ], "texture": "#texture", "cullface": "down" },
				"up": { "uv": [ 15, 8, 16, 9 ], "texture": "#texture", "cullface": "down" },
				"north": { "uv": [ 14, 7, 16, 8 ], "texture": "#texture", "cullface": "down" },
				"south": { "uv": [ 14, 7, 16, 8 ], "texture": "#texture", "cullface": "down" },
				"west": { "uv": [ 14, 7, 16, 8 ], "texture": "#texture", "cullface": "down" },
				"east": { "uv": [ 14, 7, 16, 8 ], "texture": "#texture", "cullface": "down" }
			}
		},
		{
			"__comment": "Box20",
			"from": [ 6.75, 12.25, 6.75 ],
			"to": [ 9.25, 12.75, 9.25 ],
			"faces": {
				"down": { "uv": [ 6.75, 6.75, 9.25, 9.25 ], "texture": "#texture" },
				"up": { "uv": [ 6.75, 6.75, 9.25, 9.25 ], "texture": "#texture" },
				"north": { "uv": [ 6.75, 3.25, 9.25, 3.75 ], "texture": "#texture" },
				"south": { "uv": [ 6.75, 3.25, 9.25, 3.75 ], "texture": "#texture" },
				"west": { "uv": [ 6.75, 3.25, 9.25, 3.75 ], "texture": "#texture" },
				"east": { "uv": [ 6.75, 3.25, 9.25, 3.75 ], "texture": "#texture" }
			}
		},
		{
			"__comment": "Box20",
			"from": [ 9, 12, 7.25 ],
			"to": [ 9.5, 12.5, 8.75 ],
			"faces": {
				"down": { "uv": [ 5, 7.5, 7, 8 ], "texture": "#texture", "rotation": 90 },
				"up": { "uv": [ 5, 8, 7, 8.5 ], "texture": "#texture", "rotation": 270 },
				"north": { "uv": [ 7.5, 3.5, 8, 4 ], "texture": "#texture" },
				"south": { "uv": [ 8, 3.5, 8.5, 4 ], "texture": "#texture" },
				"east": { "uv": [ 5, 3.5, 7, 4 ], "texture": "#texture" }
			}
		},
		{
			"__comment": "Box20",
			"from": [ 7.25, 12, 6.5 ],
			"to": [ 8.75, 12.5, 7 ],
			"faces": {
				"down": { "uv": [ 7.25, 9, 8.75, 9.5 ], "texture": "#texture" },
				"up": { "uv": [ 7.25, 6.5, 8.75, 7 ], "texture": "#texture" },
				"north": { "uv": [ 7.25, 3.5, 8.75, 4 ], "texture": "#texture" },
				"west": { "uv": [ 6.5, 3.5, 7, 4 ], "texture": "#texture" },
				"east": { "uv": [ 9, 3.5, 9.5, 4 ], "texture": "#texture" }
			}
		},
		{
			"__comment": "Box20",
			"from": [ 6.5, 12, 7.25 ],
			"to": [ 7, 12.5, 8.75 ],
			"faces": {
				"down": { "uv": [ 5, 7.5, 7, 8 ], "texture": "#texture", "rotation": 90 },
				"up": { "uv": [ 5, 8, 7, 8.5 ], "texture": "#texture", "rotation": 270 },
				"north": { "uv": [ 7.5, 3.5, 8, 4 ], "texture": "#texture" },
				"south": { "uv": [ 8, 3.5, 8.5, 4 ], "texture": "#texture" },
				"west": { "uv": [ 9, 3.5, 11, 4 ], "texture": "#texture" }
			}
		},
		{
			"__comment": "Box8",
			"from": [ 6.75, 13, 7.75 ],
			"to": [ 7.25, 13.5, 8.25 ],
			"faces": {
				"up": { "uv": [ 6.75, 7.75, 7.25, 8.25 ], "texture": "#texture" },
				"north": { "uv": [ 8.75, 2.5, 9.25, 3 ], "texture": "#texture" },
				"south": { "uv": [ 6.75, 2.5, 7.25, 3 ], "texture": "#texture" },
				"east": { "uv": [ 7.75, 2.5, 8.25, 3 ], "texture": "#texture" }
			}
		},
		{
			"__comment": "Box8",
			"from": [ 6.75, 12.5, 7.25 ],
			"to": [ 7.25, 13, 8.75 ],
			"faces": {
				"up": { "uv": [ 6.75, 7.25, 7.25, 8.75 ], "texture": "#texture" },
				"north": { "uv": [ 8.75, 3, 9.25, 3.5 ], "texture": "#texture" },
				"south": { "uv": [ 6.75, 3, 7.25, 3.5 ], "texture": "#texture" },
				"west": { "uv": [ 7.25, 3, 8.75, 3.5 ], "texture": "#texture" },
				"east": { "uv": [ 7.25, 3, 8.75, 3.5 ], "texture": "#texture" }
			}
		},
		{
			"__comment": "Box8",
			"from": [ 8.75, 12.5, 7.25 ],
			"to": [ 9.25, 13, 8.75 ],
			"faces": {
				"up": { "uv": [ 8.75, 7.25, 9.25, 8.75 ], "texture": "#texture" },
				"north": { "uv": [ 6.75, 3, 7.25, 3.5 ], "texture": "#texture" },
				"south": { "uv": [ 8.75, 3, 9.25, 3.5 ], "texture": "#texture" },
				"west": { "uv": [ 7.25, 3, 8.75, 3.5 ], "texture": "#texture" },
				"east": { "uv": [ 7.25, 3, 8.75, 3.5 ], "texture": "#texture" }
			}
		},
		{
			"__comment": "Box8",
			"from": [ 7.25, 12.5, 6.75 ],
			"to": [ 8.75, 13, 7.25 ],
			"faces": {
				"up": { "uv": [ 7.5, 6, 8, 7.5 ], "texture": "#texture", "rotation": 270 },
				"north": { "uv": [ 8.5, 3, 10, 3.5 ], "texture": "#texture" },
				"south": { "uv": [ 6, 3, 7.5, 3.5 ], "texture": "#texture" },
				"west": { "uv": [ 8, 3, 8.5, 3.5 ], "texture": "#texture" },
				"east": { "uv": [ 7.5, 3, 8, 3.5 ], "texture": "#texture" }
			}
		},
		{
			"__comment": "Box8",
			"from": [ 9.75, 14, 7.75 ],
			"to": [ 10.25, 18.5, 8.25 ],
			"faces": {
				"down": { "uv": [ 7.75, 9.75, 8.25, 10.25 ], "texture": "#texture", "cullface": "up" },
				"up": { "uv": [ 7.75, 5.75, 8.25, 6.25 ], "texture": "#texture", "cullface": "up" },
				"north": { "uv": [ 7.75, 0, 8.25, 2 ], "texture": "#texture", "cullface": "up" },
				"south": { "uv": [ 7.75, 0, 8.25, 2 ], "texture": "#texture", "cullface": "up" },
				"west": { "uv": [ 5.75, 0, 6.25, 2 ], "texture": "#texture", "cullface": "up" },
				"east": { "uv": [ 9.75, 0, 10.25, 2 ], "texture": "#texture", "cullface": "up" }
			}
		},
		{
			"__comment": "Box8",
			"from": [ 7, 10.75, 7 ],
			"to": [ 7.5, 13.5, 7.5 ],
			"faces": {
				"down": { "uv": [ 7, 8.5, 7.5, 9 ], "texture": "#texture" },
				"up": { "uv": [ 7, 7, 7.5, 7.5 ], "texture": "#texture" },
				"north": { "uv": [ 8.5, 2.5, 9, 5.25 ], "texture": "#texture" },
				"south": { "uv": [ 7, 2.5, 7.5, 5.25 ], "texture": "#texture" },
				"west": { "uv": [ 7, 2.5, 7.5, 5.25 ], "texture": "#texture" },
				"east": { "uv": [ 8.5, 2.5, 9, 5.25 ], "texture": "#texture" }
			}
		},
		{
			"__comment": "Box8",
			"from": [ 7.75, 14, 5.75 ],
			"to": [ 8.25, 18.5, 6.25 ],
			"faces": {
				"down": { "uv": [ 7.75, 9.75, 8.25, 10.25 ], "texture": "#texture", "cullface": "up" },
				"up": { "uv": [ 7.75, 5.75, 8.25, 6.25 ], "texture": "#texture", "cullface": "up" },
				"north": { "uv": [ 7.75, 0, 8.25, 2 ], "texture": "#texture", "cullface": "up" },
				"south": { "uv": [ 7.75, 0, 8.25, 2 ], "texture": "#texture", "cullface": "up" },
				"west": { "uv": [ 5.75, 0, 6.25, 2 ], "texture": "#texture", "cullface": "up" },
				"east": { "uv": [ 9.75, 0, 10.25, 2 ], "texture": "#texture", "cullface": "up" }
			}
		},
		{
			"__comment": "Box8",
			"from": [ 7.75, 13, 6.25 ],
			"to": [ 8.25, 14, 6.75 ],
			"faces": {
				"down": { "uv": [ 7.75, 9.25, 8.25, 9.75 ], "texture": "#texture" },
				"up": { "uv": [ 7.75, 6.25, 8.25, 6.75 ], "texture": "#texture" },
				"north": { "uv": [ 7.75, 2, 8.25, 3 ], "texture": "#texture" },
				"south": { "uv": [ 7.75, 2, 8.25, 3 ], "texture": "#texture" },
				"west": { "uv": [ 6.25, 2, 6.75, 3 ], "texture": "#texture" },
				"east": { "uv": [ 9.25, 2, 9.75, 3 ], "texture": "#texture" }
			}
		},
		{
			"__comment": "Box8",
			"from": [ 7.75, 13, 6.75 ],
			"to": [ 8.25, 13.5, 7.25 ],
			"faces": {
				"up": { "uv": [ 7.75, 6.75, 8.25, 7.25 ], "texture": "#texture" },
				"south": { "uv": [ 7.75, 2.5, 8.25, 3 ], "texture": "#texture" },
				"west": { "uv": [ 6.75, 2.5, 7.25, 3 ], "texture": "#texture" },
				"east": { "uv": [ 8.75, 2.5, 9.25, 3 ], "texture": "#texture" }
			}
		},
		{
			"__comment": "Box8",
			"from": [ 6.25, 13, 7.75 ],
			"to": [ 6.75, 14, 8.25 ],
			"faces": {
				"down": { "uv": [ 6.25, 7.75, 6.75, 8.25 ], "texture": "#texture" },
				"up": { "uv": [ 6.25, 7.75, 6.75, 8.25 ], "texture": "#texture" },
				"north": { "uv": [ 9.25, 2, 9.75, 3 ], "texture": "#texture" },
				"south": { "uv": [ 6.25, 2, 6.75, 3 ], "texture": "#texture" },
				"west": { "uv": [ 7.75, 2, 8.25, 3 ], "texture": "#texture" },
				"east": { "uv": [ 7.75, 2, 8.25, 3 ], "texture": "#texture" }
			}
		},
		{
			"__comment": "Box8",
			"from": [ 5.75, 14, 7.75 ],
			"to": [ 6.25, 18.5, 8.25 ],
			"faces": {
				"down": { "uv": [ 5.75, 7.75, 6.25, 8.25 ], "texture": "#texture", "cullface": "up" },
				"up": { "uv": [ 5.75, 7.75, 6.25, 8.25 ], "texture": "#texture", "cullface": "up" },
				"north": { "uv": [ 9.75, 0, 10.25, 2 ], "texture": "#texture", "cullface": "up" },
				"south": { "uv": [ 5.75, 0, 6.25, 2 ], "texture": "#texture", "cullface": "up" },
				"west": { "uv": [ 7.75, 0, 8.25, 2 ], "texture": "#texture", "cullface": "up" },
				"east": { "uv": [ 7.75, 0, 8.25, 2 ], "texture": "#texture", "cullface": "up" }
			}
		},
		{
			"__comment": "Box8",
			"from": [ 7.75, 13, 8.75 ],
			"to": [ 8.25, 13.5, 9.25 ],
			"faces": {
				"up": { "uv": [ 7.75, 8.75, 8.25, 9.25 ], "texture": "#texture" },
				"north": { "uv": [ 7.75, 2.5, 8.25, 3 ], "texture": "#texture" },
				"west": { "uv": [ 8.75, 2.5, 9.25, 3 ], "texture": "#texture" },
				"east": { "uv": [ 6.75, 2.5, 7.25, 3 ], "texture": "#texture" }
			}
		},
		{
			"__comment": "Box8",
			"from": [ 7.75, 13, 9.25 ],
			"to": [ 8.25, 14, 9.75 ],
			"faces": {
				"down": { "uv": [ 7.75, 6.25, 8.25, 6.75 ], "texture": "#texture" },
				"up": { "uv": [ 7.75, 9.25, 8.25, 9.75 ], "texture": "#texture" },
				"north": { "uv": [ 7.75, 2, 8.25, 3 ], "texture": "#texture" },
				"south": { "uv": [ 7.75, 2, 8.25, 3 ], "texture": "#texture" },
				"west": { "uv": [ 9.25, 2, 9.75, 3 ], "texture": "#texture" },
				"east": { "uv": [ 6.25, 2, 6.75, 3 ], "texture": "#texture" }
			}
		},
		{
			"__comment": "Box8",
			"from": [ 7.75, 14, 9.75 ],
			"to": [ 8.25, 18.5, 10.25 ],
			"faces": {
				"down": { "uv": [ 7.75, 5.75, 8.25, 6.25 ], "texture": "#texture", "cullface": "up" },
				"up": { "uv": [ 7.75, 9.75, 8.25, 10.25 ], "texture": "#texture", "cullface": "up" },
				"north": { "uv": [ 7.75, 0, 8.25, 2 ], "texture": "#texture", "cullface": "up" },
				"south": { "uv": [ 7.75, 0, 8.25, 2 ], "texture": "#texture", "cullface": "up" },
				"west": { "uv": [ 9.75, 0, 10.25, 2 ], "texture": "#texture", "cullface": "up" },
				"east": { "uv": [ 5.75, 0, 6.25, 2 ], "texture": "#texture", "cullface": "up" }
			}
		},
		{
			"__comment": "Box8",
			"from": [ 7, 10.75, 8.5 ],
			"to": [ 7.5, 13.5, 9 ],
			"faces": {
				"down": { "uv": [ 7, 7, 7.5, 7.5 ], "texture": "#texture" },
				"up": { "uv": [ 7, 8.5, 7.5, 9 ], "texture": "#texture" },
				"north": { "uv": [ 8.5, 2.5, 9, 5.25 ], "texture": "#texture" },
				"south": { "uv": [ 7, 2.5, 7.5, 5.25 ], "texture": "#texture" },
				"west": { "uv": [ 8.5, 2.5, 9, 5.25 ], "texture": "#texture" },
				"east": { "uv": [ 7, 2.5, 7.5, 5.25 ], "texture": "#texture" }
			}
		},
		{
			"__comment": "Box8",
			"from": [ 8.5, 10.75, 7 ],
			"to": [ 9, 13.5, 7.5 ],
			"faces": {
				"down": { "uv": [ 8.5, 8.5, 9, 9 ], "texture": "#texture" },
				"up": { "uv": [ 8.5, 7, 9, 7.5 ], "texture": "#texture" },
				"north": { "uv": [ 7, 2.5, 7.5, 5.25 ], "texture": "#texture" },
				"south": { "uv": [ 8.5, 2.5, 9, 5.25 ], "texture": "#texture" },
				"west": { "uv": [ 7, 2.5, 7.5, 5.25 ], "texture": "#texture" },
				"east": { "uv": [ 8.5, 2.5, 9, 5.25 ], "texture": "#texture" }
			}
		},
		{
			"__comment": "Box8",
			"from": [ 8.5, 10.75, 8.5 ],
			"to": [ 9, 13.5, 9 ],
			"faces": {
				"down": { "uv": [ 8.5, 7, 9, 7.5 ], "texture": "#texture" },
				"up": { "uv": [ 8.5, 8.5, 9, 9 ], "texture": "#texture" },
				"north": { "uv": [ 7, 2.5, 7.5, 5.25 ], "texture": "#texture" },
				"south": { "uv": [ 8.5, 2.5, 9, 5.25 ], "texture": "#texture" },
				"west": { "uv": [ 8.5, 2.5, 9, 5.25 ], "texture": "#texture" },
				"east": { "uv": [ 7, 2.5, 7.5, 5.25 ], "texture": "#texture" }
			}
		},
		{
			"__comment": "Box8",
			"from": [ 7.5, 11.5, 7 ],
			"to": [ 8.5, 12, 7.5 ],
			"faces": {
				"down": { "uv": [ 7.5, 8.5, 8.5, 9 ], "texture": "#texture" },
				"north": { "uv": [ 7.5, 4, 8.5, 4.5 ], "texture": "#texture" }
			}
		},
		{
			"__comment": "Box8",
			"from": [ 7.5, 11.5, 8.5 ],
			"to": [ 8.5, 12, 9 ],
			"faces": {
				"down": { "uv": [ 7.5, 7, 8.5, 7.5 ], "texture": "#texture" },
				"south": { "uv": [ 7.5, 4, 8.5, 4.5 ], "texture": "#texture" }
			}
		},
		{
			"__comment": "Box8",
			"from": [ 7, 11.5, 7.5 ],
			"to": [ 7.5, 12, 8.5 ],
			"faces": {
				"down": { "uv": [ 7, 7.5, 7.5, 8.5 ], "texture": "#texture" },
				"west": { "uv": [ 7.5, 4, 8.5, 4.5 ], "texture": "#texture" }
			}
		},
		{
			"__comment": "Box8",
			"from": [ 8.5, 11.5, 7.5 ],
			"to": [ 9, 12, 8.5 ],
			"faces": {
				"down": { "uv": [ 8.5, 7.5, 9, 8.5 ], "texture": "#texture" },
				"east": { "uv": [ 7.5, 4, 8.5, 4.5 ], "texture": "#texture" }
			}
		},
		{
			"__comment": "Box8",
			"from": [ 8.75, 12.875, 7.75 ],
			"to": [ 9.25, 13.375, 8.25 ],
			"faces": {
				"up": { "uv": [ 8.75, 7.75, 9.25, 8.25 ], "texture": "#texture" },
				"north": { "uv": [ 6.75, 2.625, 7.25, 3.125 ], "texture": "#texture" },
				"south": { "uv": [ 8.75, 2.625, 9.25, 3.125 ], "texture": "#texture" },
				"west": { "uv": [ 7.75, 2.625, 8.25, 3.125 ], "texture": "#texture" },
				"east": { "uv": [ 7.75, 2.625, 8.25, 3.125 ], "texture": "#texture" }
			}
		},
		{
			"__comment": "Box22",
			"from": [ 7.25, 10.5, 7.25 ],
			"to": [ 8.75, 12, 8.75 ],
			"faces": {
				"down": { "uv": [ 7.5, 11, 8.5, 12 ], "texture": "#texture" },
				"north": { "uv": [ 8, 11, 9.5, 14 ], "texture": "#texture" },
				"south": { "uv": [ 8, 11, 9.5, 14 ], "texture": "#texture" },
				"west": { "uv": [ 8, 11, 9.5, 14 ], "texture": "#texture" },
				"east": { "uv": [ 8, 11, 9.5, 14 ], "texture": "#texture" }
			}
		},
		{
			"__comment": "Box8",
			"from": [ 7.75, 18.5, 6.25 ],
			"to": [ 8.25, 19.5, 6.75 ],
			"faces": {
				"down": { "uv": [ 7.5, 9, 8, 9.5 ], "texture": "#texture", "cullface": "up" },
				"up": { "uv": [ 7.5, 8, 8, 8.5 ], "texture": "#texture", "cullface": "up" },
				"north": { "uv": [ 7.5, 8.5, 8, 9.5 ], "texture": "#texture", "cullface": "up" },
				"south": { "uv": [ 7.5, 8.5, 8, 9.5 ], "texture": "#texture", "cullface": "up" },
				"west": { "uv": [ 7.5, 8.5, 8, 9.5 ], "texture": "#texture", "cullface": "up" },
				"east": { "uv": [ 7.5, 8.5, 8, 9.5 ], "texture": "#texture", "cullface": "up" }
			}
		},
		{
			"__comment": "Box8",
			"from": [ 7.75, 18.5, 9.25 ],
			"to": [ 8.25, 19.5, 9.75 ],
			"faces": {
				"down": { "uv": [ 7.5, 9, 8, 9.5 ], "texture": "#texture", "cullface": "up" },
				"up": { "uv": [ 7.5, 8, 8, 8.5 ], "texture": "#texture", "cullface": "up" },
				"north": { "uv": [ 7.5, 8.5, 8, 9.5 ], "texture": "#texture", "cullface": "up" },
				"south": { "uv": [ 7.5, 8.5, 8, 9.5 ], "texture": "#texture", "cullface": "up" },
				"west": { "uv": [ 7.5, 8.5, 8, 9.5 ], "texture": "#texture", "cullface": "up" },
				"east": { "uv": [ 7.5, 8.5, 8, 9.5 ], "texture": "#texture", "cullface": "up" }
			}
		},
		{
			"__comment": "Box8",
			"from": [ 9.25, 18.5, 7.75 ],
			"to": [ 9.75, 19.5, 8.25 ],
			"faces": {
				"down": { "uv": [ 7.5, 9, 8, 9.5 ], "texture": "#texture", "cullface": "up" },
				"up": { "uv": [ 7.5, 8, 8, 8.5 ], "texture": "#texture", "cullface": "up" },
				"north": { "uv": [ 7.5, 8.5, 8, 9.5 ], "texture": "#texture", "cullface": "up" },
				"south": { "uv": [ 7.5, 8.5, 8, 9.5 ], "texture": "#texture", "cullface": "up" },
				"west": { "uv": [ 7.5, 8.5, 8, 9.5 ], "texture": "#texture", "cullface": "up" },
				"east": { "uv": [ 7.5, 8.5, 8, 9.5 ], "texture": "#texture", "cullface": "up" }
			}
		},
		{
			"__comment": "Box8",
			"from": [ 6.25, 18.5, 7.75 ],
			"to": [ 6.75, 19.5, 8.25 ],
			"faces": {
				"down": { "uv": [ 7.5, 9, 8, 9.5 ], "texture": "#texture", "cullface": "up" },
				"up": { "uv": [ 7.5, 8, 8, 8.5 ], "texture": "#texture", "cullface": "up" },
				"north": { "uv": [ 7.5, 8.5, 8, 9.5 ], "texture": "#texture", "cullface": "up" },
				"south": { "uv": [ 7.5, 8.5, 8, 9.5 ], "texture": "#texture", "cullface": "up" },
				"west": { "uv": [ 7.5, 8.5, 8, 9.5 ], "texture": "#texture", "cullface": "up" },
				"east": { "uv": [ 7.5, 8.5, 8, 9.5 ], "texture": "#texture", "cullface": "up" }
			}
		},
		{
			"__comment": "Box8",
			"from": [ 7.75, 11.25, 8.75 ],
			"to": [ 8.25, 12, 9.25 ],
			"faces": {
				"down": { "uv": [ 8, 6.5, 8.5, 7 ], "texture": "#texture" },
				"south": { "uv": [ 7.75, 4, 8.25, 4.75 ], "texture": "#texture" },
				"west": { "uv": [ 8.75, 4, 9.25, 4.75 ], "texture": "#texture" },
				"east": { "uv": [ 6.75, 4, 7.25, 4.75 ], "texture": "#texture" }
			}
		},
		{
			"__comment": "Box8",
			"from": [ 7.75, 11.25, 6.75 ],
			"to": [ 8.25, 12, 7.25 ],
			"faces": {
				"down": { "uv": [ 8, 6.5, 8.5, 7 ], "texture": "#texture" },
				"north": { "uv": [ 7.75, 4, 8.25, 4.75 ], "texture": "#texture" },
				"west": { "uv": [ 8.75, 4, 9.25, 4.75 ], "texture": "#texture" },
				"east": { "uv": [ 6.75, 4, 7.25, 4.75 ], "texture": "#texture" }
			}
		},
		{
			"__comment": "Box8",
			"from": [ 6.75, 11.25, 7.75 ],
			"to": [ 7.25, 12, 8.25 ],
			"faces": {
				"down": { "uv": [ 8, 6.5, 8.5, 7 ], "texture": "#texture" },
				"north": { "uv": [ 7.75, 4, 8.25, 4.75 ], "texture": "#texture" },
				"south": { "uv": [ 7.75, 4, 8.25, 4.75 ], "texture": "#texture" },
				"west": { "uv": [ 8.75, 4, 9.25, 4.75 ], "texture": "#texture" }
			}
		},
		{
			"__comment": "Box8",
			"from": [ 8.75, 11.25, 7.75 ],
			"to": [ 9.25, 12, 8.25 ],
			"faces": {
				"down": { "uv": [ 8, 6.5, 8.5, 7 ], "texture": "#texture" },
				"north": { "uv": [ 7.75, 4, 8.25, 4.75 ], "texture": "#texture" },
				"south": { "uv": [ 7.75, 4, 8.25, 4.75 ], "texture": "#texture" },
				"east": { "uv": [ 6.75, 4, 7.25, 4.75 ], "texture": "#texture" }
			}
		},
		{
			"__comment": "Box8",
			"from": [ 6.75, 9.5, 8.75 ],
			"to": [ 7.25, 10.75, 9.25 ],
			"faces": {
				"down": { "uv": [ 6.75, 6.75, 7.25, 7.25 ], "texture": "#texture" },
				"up": { "uv": [ 6.75, 8.75, 7.25, 9.25 ], "texture": "#texture" },
				"north": { "uv": [ 8.75, 5.25, 9.25, 6.5 ], "texture": "#texture" },
				"south": { "uv": [ 6.75, 5.25, 7.25, 6.5 ], "texture": "#texture" },
				"west": { "uv": [ 8.75, 5.25, 9.25, 6.5 ], "texture": "#texture" },
				"east": { "uv": [ 6.75, 5.25, 7.25, 6.5 ], "texture": "#texture" }
			}
		},
		{
			"__comment": "Box8",
			"from": [ 8.75, 9.5, 8.75 ],
			"to": [ 9.25, 10.75, 9.25 ],
			"faces": {
				"down": { "uv": [ 8.75, 6.75, 9.25, 7.25 ], "texture": "#texture" },
				"up": { "uv": [ 8.75, 8.75, 9.25, 9.25 ], "texture": "#texture" },
				"north": { "uv": [ 6.75, 5.25, 7.25, 6.5 ], "texture": "#texture" },
				"south": { "uv": [ 8.75, 5.25, 9.25, 6.5 ], "texture": "#texture" },
				"west": { "uv": [ 8.75, 5.25, 9.25, 6.5 ], "texture": "#texture" },
				"east": { "uv": [ 6.75, 5.25, 7.25, 6.5 ], "texture": "#texture" }
			}
		},
		{
			"__comment": "Box8",
			"from": [ 8.75, 9.5, 6.75 ],
			"to": [ 9.25, 10.75, 7.25 ],
			"faces": {
				"down": { "uv": [ 8.5, 5, 9, 5.5 ], "texture": "#texture" },
				"up": { "uv": [ 8.5, 7, 9, 7.5 ], "texture": "#texture" },
				"north": { "uv": [ 6.75, 5.25, 7.25, 6.25 ], "texture": "#texture" },
				"south": { "uv": [ 8.75, 5.25, 9.25, 6.25 ], "texture": "#texture" },
				"west": { "uv": [ 6.75, 5.25, 7.25, 6.25 ], "texture": "#texture" },
				"east": { "uv": [ 8.75, 5.25, 9.25, 6.25 ], "texture": "#texture" }
			}
		},
		{
			"__comment": "Box8",
			"from": [ 6.75, 9.5, 6.75 ],
			"to": [ 7.25, 10.75, 7.25 ],
			"faces": {
				"down": { "uv": [ 6.75, 8.75, 7.25, 9.25 ], "texture": "#texture" },
				"up": { "uv": [ 6.75, 6.75, 7.25, 7.25 ], "texture": "#texture" },
				"north": { "uv": [ 8.75, 5.25, 9.25, 6.5 ], "texture": "#texture" },
				"south": { "uv": [ 6.75, 5.25, 7.25, 6.5 ], "texture": "#texture" },
				"west": { "uv": [ 6.75, 5.25, 7.25, 6.5 ], "texture": "#texture" },
				"east": { "uv": [ 8.75, 5.25, 9.25, 6.5 ], "texture": "#texture" }
			}
		},
		{
			"__comment": "Box2",
			"from": [ 7.625, 14.125, 7.625 ],
			"to": [ 8.375, 14.625, 8.375 ],
			"faces": {
				"down": { "uv": [ 0, 13, 1, 14 ], "texture": "#texture", "cullface": "up" },
				"up": { "uv": [ 0, 15, 1, 16 ], "texture": "#texture", "cullface": "up" },
				"north": { "uv": [ 0, 16, 2, 14 ], "texture": "#texture", "cullface": "up" },
				"south": { "uv": [ 0, 16, 2, 14 ], "texture": "#texture", "cullface": "up" },
				"west": { "uv": [ 0, 16, 2, 14 ], "texture": "#texture", "cullface": "up" },
				"east": { "uv": [ 0, 16, 2, 14 ], "texture": "#texture", "cullface": "up" }
			}
		},
		{
			"__comment": "Box22",
			"from": [ 7.5, 10, 7.25 ],
			"to": [ 8, 10.5, 7.5 ],
			"faces": {
				"down": { "uv": [ 8, 14, 9, 15 ], "texture": "#texture" },
				"up": { "uv": [ 8, 11, 9, 12 ], "texture": "#texture" },
				"north": { "uv": [ 7.5, 13.5, 9, 15 ], "texture": "#texture" },
				"south": { "uv": [ 7.5, 13.5, 9, 15 ], "texture": "#texture" },
				"west": { "uv": [ 7.5, 13.5, 9, 15 ], "texture": "#texture" },
				"east": { "uv": [ 7.5, 13.5, 9, 15 ], "texture": "#texture" }
			}
		},
		{
			"__comment": "Box22",
			"from": [ 8.5, 10, 8 ],
			"to": [ 8.75, 10.5, 8.5 ],
			"faces": {
				"down": { "uv": [ 8, 14, 9, 15 ], "texture": "#texture" },
				"up": { "uv": [ 8, 11, 9, 12 ], "texture": "#texture" },
				"north": { "uv": [ 7.5, 13.5, 9, 15 ], "texture": "#texture" },
				"south": { "uv": [ 7.5, 13.5, 9, 15 ], "texture": "#texture" },
				"west": { "uv": [ 7.5, 13.5, 9, 15 ], "texture": "#texture" },
				"east": { "uv": [ 7.5, 13.5, 9, 15 ], "texture": "#texture" }
			}
		},
		{
			"__comment": "Box22",
			"from": [ 7.75, 10, 8.5 ],
			"to": [ 8.25, 10.5, 8.75 ],
			"faces": {
				"down": { "uv": [ 8, 14, 9, 15 ], "texture": "#texture" },
				"up": { "uv": [ 8, 11, 9, 12 ], "texture": "#texture" },
				"north": { "uv": [ 7.5, 13.5, 9, 15 ], "texture": "#texture" },
				"south": { "uv": [ 7.5, 13.5, 9, 15 ], "texture": "#texture" },
				"west": { "uv": [ 7.5, 13.5, 9, 15 ], "texture": "#texture" },
				"east": { "uv": [ 7.5, 13.5, 9, 15 ], "texture": "#texture" }
			}
		},
		{
			"__comment": "Box22",
			"from": [ 8, 9.5, 8.5 ],
			"to": [ 8.25, 9.75, 8.75 ],
			"faces": {
				"down": { "uv": [ 8, 14, 9, 15 ], "texture": "#texture" },
				"up": { "uv": [ 8, 14, 9, 15 ], "texture": "#texture" },
				"north": { "uv": [ 7.5, 14, 8.5, 15 ], "texture": "#texture" },
				"south": { "uv": [ 7.5, 14, 8.5, 15 ], "texture": "#texture" },
				"west": { "uv": [ 7.5, 14, 8.5, 15 ], "texture": "#texture" },
				"east": { "uv": [ 7.5, 14, 8.5, 15 ], "texture": "#texture" }
			}
		},
		{
			"__comment": "Box22",
			"from": [ 8.25, 10.25, 8.5 ],
			"to": [ 8.5, 10.5, 8.75 ],
			"faces": {
				"down": { "uv": [ 8, 13, 9, 14 ], "texture": "#texture" },
				"up": { "uv": [ 8, 11, 9, 12 ], "texture": "#texture" },
				"north": { "uv": [ 8, 13, 9, 14.5 ], "texture": "#texture" },
				"south": { "uv": [ 8, 13, 9, 14.5 ], "texture": "#texture" },
				"west": { "uv": [ 8, 13, 9, 14.5 ], "texture": "#texture" },
				"east": { "uv": [ 8, 13, 9, 14.5 ], "texture": "#texture" }
			}
		},
		{
			"__comment": "Box22",
			"from": [ 7.25, 9.75, 7.75 ],
			"to": [ 7.5, 10, 8 ],
			"faces": {
				"down": { "uv": [ 8, 14, 9, 15 ], "texture": "#texture" },
				"up": { "uv": [ 8, 14, 9, 15 ], "texture": "#texture" },
				"north": { "uv": [ 7.5, 14, 8.5, 15 ], "texture": "#texture" },
				"south": { "uv": [ 7.5, 14, 8.5, 15 ], "texture": "#texture" },
				"west": { "uv": [ 7.5, 14, 8.5, 15 ], "texture": "#texture" },
				"east": { "uv": [ 7.5, 14, 8.5, 15 ], "texture": "#texture" }
			}
		},
		{
			"__comment": "Box22",
			"from": [ 7.25, 9.25, 8 ],
			"to": [ 7.5, 9.5, 8.25 ],
			"faces": {
				"down": { "uv": [ 8, 14, 9, 15 ], "texture": "#texture" },
				"up": { "uv": [ 8, 14, 9, 15 ], "texture": "#texture" },
				"north": { "uv": [ 7.5, 14, 8.5, 15 ], "texture": "#texture" },
				"south": { "uv": [ 7.5, 14, 8.5, 15 ], "texture": "#texture" },
				"west": { "uv": [ 7.5, 14, 8.5, 15 ], "texture": "#texture" },
				"east": { "uv": [ 7.5, 14, 8.5, 15 ], "texture": "#texture" }
			}
		},
		{
			"__comment": "Box22",
			"from": [ 8, 10.25, 7.25 ],
			"to": [ 8.25, 10.5, 7.5 ],
			"faces": {
				"down": { "uv": [ 8, 13, 9, 14 ], "texture": "#texture" },
				"up": { "uv": [ 8, 11, 9, 12 ], "texture": "#texture" },
				"north": { "uv": [ 8, 13, 9, 14.5 ], "texture": "#texture" },
				"south": { "uv": [ 8, 13, 9, 14.5 ], "texture": "#texture" },
				"west": { "uv": [ 8, 13, 9, 14.5 ], "texture": "#texture" },
				"east": { "uv": [ 8, 13, 9, 14.5 ], "texture": "#texture" }
			}
		},
		{
			"__comment": "Box22",
			"from": [ 8.5, 9.5, 7.75 ],
			"to": [ 8.75, 10, 8.25 ],
			"faces": {
				"down": { "uv": [ 8, 14, 9, 15 ], "texture": "#texture" },
				"up": { "uv": [ 8, 14, 9, 15 ], "texture": "#texture" },
				"north": { "uv": [ 7.5, 14, 8.5, 15 ], "texture": "#texture" },
				"south": { "uv": [ 7.5, 14, 8.5, 15 ], "texture": "#texture" },
				"west": { "uv": [ 7.5, 14, 8.5, 15 ], "texture": "#texture" },
				"east": { "uv": [ 7.5, 14, 8.5, 15 ], "texture": "#texture" }
			}
		},
		{
			"__comment": "Box22",
			"from": [ 8, 9.25, 7.25 ],
			"to": [ 8.5, 9.75, 7.5 ],
			"faces": {
				"down": { "uv": [ 8, 14, 9, 15 ], "texture": "#texture" },
				"up": { "uv": [ 8, 14, 9, 15 ], "texture": "#texture" },
				"north": { "uv": [ 7.5, 14, 8.5, 15 ], "texture": "#texture" },
				"south": { "uv": [ 7.5, 14, 8.5, 15 ], "texture": "#texture" },
				"west": { "uv": [ 7.5, 14, 8.5, 15 ], "texture": "#texture" },
				"east": { "uv": [ 7.5, 14, 8.5, 15 ], "texture": "#texture" }
			}
		},
		{
			"__comment": "Box22",
			"from": [ 7.25, 10, 8 ],
			"to": [ 7.5, 10.5, 8.5 ],
			"faces": {
				"down": { "uv": [ 8, 13, 9, 14 ], "texture": "#texture" },
				"up": { "uv": [ 8, 11, 9, 12 ], "texture": "#texture" },
				"north": { "uv": [ 8, 13, 9, 14.5 ], "texture": "#texture" },
				"south": { "uv": [ 8, 13, 9, 14.5 ], "texture": "#texture" },
				"west": { "uv": [ 8, 13, 9, 14.5 ], "texture": "#texture" },
				"east": { "uv": [ 8, 13, 9, 14.5 ], "texture": "#texture" }
			}
		},
		{
			"__comment": "Box22",
			"from": [ 7.75, 8.75, 7.25 ],
			"to": [ 8, 9, 7.5 ],
			"faces": {
				"down": { "uv": [ 8, 14, 9, 15 ], "texture": "#texture" },
				"up": { "uv": [ 8, 14, 9, 15 ], "texture": "#texture" },
				"north": { "uv": [ 7.5, 14, 8.5, 15 ], "texture": "#texture" },
				"south": { "uv": [ 7.5, 14, 8.5, 15 ], "texture": "#texture" },
				"west": { "uv": [ 7.5, 14, 8.5, 15 ], "texture": "#texture" },
				"east": { "uv": [ 7.5, 14, 8.5, 15 ], "texture": "#texture" }
			}
		},
		{
			"__comment": "Box22",
			"from": [ 8.5, 9, 8.25 ],
			"to": [ 8.75, 9.25, 8.5 ],
			"faces": {
				"down": { "uv": [ 8, 14, 9, 15 ], "texture": "#texture" },
				"up": { "uv": [ 8, 14, 9, 15 ], "texture": "#texture" },
				"north": { "uv": [ 7.5, 14, 8.5, 15 ], "texture": "#texture" },
				"south": { "uv": [ 7.5, 14, 8.5, 15 ], "texture": "#texture" },
				"west": { "uv": [ 7.5, 14, 8.5, 15 ], "texture": "#texture" },
				"east": { "uv": [ 7.5, 14, 8.5, 15 ], "texture": "#texture" }
			}
		}
	]
}