{
	"__comment": "Elements Battle Item Designed by BlackNight_AY",
	"textures": {
		"particle": "item/particle",
		"texture": "item/chaoswand"
	},
	"elements": [ 	 
		{
			"__comment": "Box8",
			"from": [ 7.25, 12.5, 8.75 ],
			"to": [ 8.75, 12.75, 9.25 ],
			"faces": {
				"up": { "uv": [ 7, 6, 9, 7 ], "texture": "#texture" },
				"north": { "uv": [ 7, 6, 9, 7 ], "texture": "#texture" },
				"south": { "uv": [ 7, 6, 9, 7 ], "texture": "#texture" },
				"west": { "uv": [ 7.5, 6, 8.5, 7 ], "texture": "#texture" },
				"east": { "uv": [ 7.5, 6, 8.5, 7 ], "texture": "#texture" }
			}
		},
		{
			"__comment": "Box22",
			"from": [ 7.25, -6.5, 7.25 ],
			"to": [ 8.75, -6, 8.75 ],
			"faces": {
				"down": { "uv": [ 15, 10, 16, 11 ], "texture": "#texture", "cullface": "down" },
				"up": { "uv": [ 15, 8, 16, 9 ], "texture": "#texture", "cullface": "down" },
				"north": { "uv": [ 14.5, 9, 16, 10 ], "texture": "#texture", "cullface": "down" },
				"south": { "uv": [ 14.5, 9, 16, 10 ], "texture": "#texture", "cullface": "down" },
				"west": { "uv": [ 14.5, 9, 16, 10 ], "texture": "#texture", "cullface": "down" },
				"east": { "uv": [ 14.5, 9, 16, 10 ], "texture": "#texture", "cullface": "down" }
			}
		},
		{
			"__comment": "Box20",
			"from": [ 6.75, 12, 6.75 ],
			"to": [ 9.25, 12.5, 9.25 ],
			"faces": {
				"down": { "uv": [ 7, 7, 8, 8 ], "texture": "#texture" },
				"up": { "uv": [ 7, 7, 8, 8 ], "texture": "#texture" },
				"north": { "uv": [ 6.5, 7, 10, 8 ], "texture": "#texture" },
				"south": { "uv": [ 6.5, 7, 10, 8 ], "texture": "#texture" },
				"west": { "uv": [ 6.5, 7, 10, 8 ], "texture": "#texture" },
				"east": { "uv": [ 6.5, 7, 10, 8 ], "texture": "#texture" }
			}
		},
		{
			"__comment": "Box8",
			"from": [ 8.75, 12.5, 7.25 ],
			"to": [ 9.25, 12.75, 8.75 ],
			"faces": {
				"up": { "uv": [ 7, 6, 9, 7 ], "texture": "#texture" },
				"north": { "uv": [ 7, 6, 9, 7 ], "texture": "#texture" },
				"south": { "uv": [ 7, 6, 9, 7 ], "texture": "#texture" },
				"west": { "uv": [ 7.5, 6, 8.5, 7 ], "texture": "#texture" },
				"east": { "uv": [ 7.5, 6, 8.5, 7 ], "texture": "#texture" }
			}
		},
		{
			"__comment": "Box8",
			"from": [ 7.25, 12.5, 6.75 ],
			"to": [ 8.75, 12.75, 7.25 ],
			"faces": {
				"up": { "uv": [ 7, 6, 9, 7 ], "texture": "#texture" },
				"north": { "uv": [ 7, 6, 9, 7 ], "texture": "#texture" },
				"south": { "uv": [ 7, 6, 9, 7 ], "texture": "#texture" },
				"west": { "uv": [ 7.5, 6, 8.5, 7 ], "texture": "#texture" },
				"east": { "uv": [ 7.5, 6, 8.5, 7 ], "texture": "#texture" }
			}
		},
		{
			"__comment": "Box8",
			"from": [ 6.75, 12.5, 7.25 ],
			"to": [ 7.25, 12.75, 8.75 ],
			"faces": {
				"up": { "uv": [ 7, 6, 9, 7 ], "texture": "#texture" },
				"north": { "uv": [ 8, 6, 9, 7 ], "texture": "#texture" },
				"south": { "uv": [ 8, 6, 9, 7 ], "texture": "#texture" },
				"west": { "uv": [ 7, 6, 9, 7 ], "texture": "#texture" },
				"east": { "uv": [ 7, 6, 9, 7 ], "texture": "#texture" }
			}
		},
		{
			"__comment": "Box9",
			"from": [ 7.5, -6.75, 7.5 ],
			"to": [ 8.5, 14.25, 8.5 ],
			"faces": {
				"down": { "uv": [ 8.5, 13, 9.5, 14 ], "texture": "#texture", "cullface": "down" },
				"up": { "uv": [ 8, 0, 9, 1 ], "texture": "#texture", "cullface": "down" },
				"north": { "uv": [ 8, 0, 9, 13 ], "texture": "#texture", "cullface": "down" },
				"south": { "uv": [ 8, 0, 9, 13 ], "texture": "#texture", "cullface": "down" },
				"west": { "uv": [ 8, 0, 9, 13 ], "texture": "#texture", "cullface": "down" },
				"east": { "uv": [ 8, 0, 9, 13 ], "texture": "#texture", "cullface": "down" }
			}
		},
		{
			"__comment": "Box22",
			"from": [ 7.25, 11, 7.25 ],
			"to": [ 8.75, 12, 8.75 ],
			"faces": {
				"down": { "uv": [ 7, 12, 8, 13 ], "texture": "#texture" },
				"up": { "uv": [ 7.5, 10, 8.5, 11 ], "texture": "#texture" },
				"north": { "uv": [ 7.5, 11, 9, 12.5 ], "texture": "#texture" },
				"south": { "uv": [ 7.5, 11, 9, 12.5 ], "texture": "#texture" },
				"west": { "uv": [ 7.5, 11, 9, 12.5 ], "texture": "#texture" },
				"east": { "uv": [ 7.5, 11, 9, 12.5 ], "texture": "#texture" }
			}
		},
		{
			"__comment": "Box22",
			"from": [ 8.75, 11.25, 7.5 ],
			"to": [ 9, 12, 8.5 ],
			"faces": {
				"down": { "uv": [ 7.5, 12, 9, 13 ], "texture": "#texture" },
				"up": { "uv": [ 7.5, 10, 8.5, 11 ], "texture": "#texture" },
				"north": { "uv": [ 8, 10.5, 9, 12.5 ], "texture": "#texture" },
				"south": { "uv": [ 8, 10.5, 9, 12.5 ], "texture": "#texture" },
				"west": { "uv": [ 8, 10.5, 9, 12.5 ], "texture": "#texture" },
				"east": { "uv": [ 8, 10.5, 9, 12.5 ], "texture": "#texture" }
			}
		},
		{
			"__comment": "Box22",
			"from": [ 7.5, 11.25, 8.75 ],
			"to": [ 8.5, 12, 9 ],
			"faces": {
				"down": { "uv": [ 7.5, 12, 9, 13 ], "texture": "#texture" },
				"up": { "uv": [ 7.5, 10, 8.5, 11 ], "texture": "#texture" },
				"north": { "uv": [ 8, 10.5, 9, 12.5 ], "texture": "#texture" },
				"south": { "uv": [ 8, 10.5, 9, 12.5 ], "texture": "#texture" },
				"west": { "uv": [ 8, 10.5, 9, 12.5 ], "texture": "#texture" },
				"east": { "uv": [ 8, 10.5, 9, 12.5 ], "texture": "#texture" }
			}
		},
		{
			"__comment": "Box22",
			"from": [ 7, 11.25, 7.5 ],
			"to": [ 7.25, 12, 8.5 ],
			"faces": {
				"down": { "uv": [ 7.5, 12, 9, 13 ], "texture": "#texture" },
				"up": { "uv": [ 7.5, 10, 8.5, 11 ], "texture": "#texture" },
				"north": { "uv": [ 8, 10.5, 9, 12.5 ], "texture": "#texture" },
				"south": { "uv": [ 8, 10.5, 9, 12.5 ], "texture": "#texture" },
				"west": { "uv": [ 8, 10.5, 9, 12.5 ], "texture": "#texture" },
				"east": { "uv": [ 8, 10.5, 9, 12.5 ], "texture": "#texture" }
			}
		},
		{
			"__comment": "Box22",
			"from": [ 7.25, 10, 7.75 ],
			"to": [ 7.5, 10.5, 8.25 ],
			"faces": {
				"down": { "uv": [ 7.5, 13, 8.5, 14 ], "texture": "#texture" },
				"up": { "uv": [ 7.5, 13, 8.5, 14 ], "texture": "#texture" },
				"north": { "uv": [ 7.5, 13, 8.5, 14 ], "texture": "#texture" },
				"south": { "uv": [ 7.5, 13, 8.5, 14 ], "texture": "#texture" },
				"west": { "uv": [ 7.5, 13, 8.5, 14 ], "texture": "#texture" },
				"east": { "uv": [ 7.5, 13, 8.5, 14 ], "texture": "#texture" }
			}
		},
		{
			"__comment": "Box22",
			"from": [ 7.5, 11.25, 7 ],
			"to": [ 8.5, 12, 7.25 ],
			"faces": {
				"down": { "uv": [ 7.5, 12, 9, 13 ], "texture": "#texture" },
				"up": { "uv": [ 7.5, 10, 8.5, 11 ], "texture": "#texture" },
				"north": { "uv": [ 8, 10.5, 9, 12.5 ], "texture": "#texture" },
				"south": { "uv": [ 8, 10.5, 9, 12.5 ], "texture": "#texture" },
				"west": { "uv": [ 8, 10.5, 9, 12.5 ], "texture": "#texture" },
				"east": { "uv": [ 8, 10.5, 9, 12.5 ], "texture": "#texture" }
			}
		},
		{
			"__comment": "Box22",
			"from": [ 7.75, 9.5, 8.5 ],
			"to": [ 8, 9.75, 8.75 ],
			"faces": {
				"down": { "uv": [ 7.5, 13, 8.5, 14 ], "texture": "#texture" },
				"up": { "uv": [ 7.5, 13, 8.5, 14 ], "texture": "#texture" },
				"north": { "uv": [ 7.5, 13, 8.5, 14 ], "texture": "#texture" },
				"south": { "uv": [ 7.5, 13, 8.5, 14 ], "texture": "#texture" },
				"west": { "uv": [ 7.5, 13, 8.5, 14 ], "texture": "#texture" },
				"east": { "uv": [ 7.5, 13, 8.5, 14 ], "texture": "#texture" }
			}
		},
		{
			"__comment": "Box22",
			"from": [ 8.5, 9.25, 7.75 ],
			"to": [ 8.75, 9.5, 8 ],
			"faces": {
				"down": { "uv": [ 7.5, 13, 8.5, 14 ], "texture": "#texture" },
				"up": { "uv": [ 7.5, 13, 8.5, 14 ], "texture": "#texture" },
				"north": { "uv": [ 7.5, 13, 8.5, 14 ], "texture": "#texture" },
				"south": { "uv": [ 7.5, 13, 8.5, 14 ], "texture": "#texture" },
				"west": { "uv": [ 7.5, 13, 8.5, 14 ], "texture": "#texture" },
				"east": { "uv": [ 7.5, 13, 8.5, 14 ], "texture": "#texture" }
			}
		},
		{
			"__comment": "Box22",
			"from": [ 7.75, 10.5, 7.25 ],
			"to": [ 8.25, 11, 7.5 ],
			"faces": {
				"down": { "uv": [ 7.5, 13, 8.5, 14 ], "texture": "#texture" },
				"up": { "uv": [ 7.5, 12.5, 8.5, 13.5 ], "texture": "#texture" },
				"north": { "uv": [ 7.5, 12.5, 8.5, 13.5 ], "texture": "#texture" },
				"south": { "uv": [ 7.5, 12.5, 8.5, 13.5 ], "texture": "#texture" },
				"west": { "uv": [ 7.5, 12.5, 8.5, 13.5 ], "texture": "#texture" },
				"east": { "uv": [ 7.5, 12.5, 8.5, 13.5 ], "texture": "#texture" }
			}
		},
		{
			"__comment": "Box22",
			"from": [ 7.25, 10.5, 8 ],
			"to": [ 7.5, 11, 8.5 ],
			"faces": {
				"down": { "uv": [ 7.5, 13, 8.5, 14 ], "texture": "#texture" },
				"up": { "uv": [ 7.5, 12.5, 8.5, 13.5 ], "texture": "#texture" },
				"north": { "uv": [ 7.5, 12.5, 8.5, 13.5 ], "texture": "#texture" },
				"south": { "uv": [ 7.5, 12.5, 8.5, 13.5 ], "texture": "#texture" },
				"west": { "uv": [ 7.5, 12.5, 8.5, 13.5 ], "texture": "#texture" },
				"east": { "uv": [ 7.5, 12.5, 8.5, 13.5 ], "texture": "#texture" }
			}
		},
		{
			"__comment": "Box22",
			"from": [ 8.5, 10, 7.75 ],
			"to": [ 8.75, 10.5, 8.25 ],
			"faces": {
				"down": { "uv": [ 7.5, 13, 8.5, 14 ], "texture": "#texture" },
				"up": { "uv": [ 7.5, 13, 8.5, 14 ], "texture": "#texture" },
				"north": { "uv": [ 7.5, 13, 8.5, 14 ], "texture": "#texture" },
				"south": { "uv": [ 7.5, 13, 8.5, 14 ], "texture": "#texture" },
				"west": { "uv": [ 7.5, 13, 8.5, 14 ], "texture": "#texture" },
				"east": { "uv": [ 7.5, 13, 8.5, 14 ], "texture": "#texture" }
			}
		},
		{
			"__comment": "Box22",
			"from": [ 8.5, 10.5, 7.5 ],
			"to": [ 8.75, 11, 8 ],
			"faces": {
				"down": { "uv": [ 7.5, 12.5, 8.5, 13.5 ], "texture": "#texture" },
				"up": { "uv": [ 7.5, 12.5, 8.5, 13.5 ], "texture": "#texture" },
				"north": { "uv": [ 7.5, 12.5, 8.5, 13.5 ], "texture": "#texture" },
				"south": { "uv": [ 7.5, 12.5, 8.5, 13.5 ], "texture": "#texture" },
				"west": { "uv": [ 7.5, 12.5, 8.5, 13.5 ], "texture": "#texture" },
				"east": { "uv": [ 7.5, 12.5, 8.5, 13.5 ], "texture": "#texture" }
			}
		},
		{
			"__comment": "Box22",
			"from": [ 8, 9.75, 7.25 ],
			"to": [ 8.25, 10, 7.5 ],
			"faces": {
				"down": { "uv": [ 7.5, 13, 8.5, 14 ], "texture": "#texture" },
				"up": { "uv": [ 7.5, 13, 8.5, 14 ], "texture": "#texture" },
				"north": { "uv": [ 7.5, 13, 8.5, 14 ], "texture": "#texture" },
				"south": { "uv": [ 7.5, 13, 8.5, 14 ], "texture": "#texture" },
				"west": { "uv": [ 7.5, 13, 8.5, 14 ], "texture": "#texture" },
				"east": { "uv": [ 7.5, 13, 8.5, 14 ], "texture": "#texture" }
			}
		},
		{
			"__comment": "Box22",
			"from": [ 8, 10, 8.5 ],
			"to": [ 8.25, 10.25, 8.75 ],
			"faces": {
				"down": { "uv": [ 7.5, 13, 8.5, 14 ], "texture": "#texture" },
				"up": { "uv": [ 7.5, 13, 8.5, 14 ], "texture": "#texture" },
				"north": { "uv": [ 7.5, 13, 8.5, 14 ], "texture": "#texture" },
				"south": { "uv": [ 7.5, 13, 8.5, 14 ], "texture": "#texture" },
				"west": { "uv": [ 7.5, 13, 8.5, 14 ], "texture": "#texture" },
				"east": { "uv": [ 7.5, 13, 8.5, 14 ], "texture": "#texture" }
			}
		},
		{
			"__comment": "Box22",
			"from": [ 7.5, 10.5, 8.5 ],
			"to": [ 8, 11, 8.75 ],
			"faces": {
				"down": { "uv": [ 7.5, 13, 8.5, 14 ], "texture": "#texture" },
				"up": { "uv": [ 7.5, 12.5, 8.5, 13.5 ], "texture": "#texture" },
				"north": { "uv": [ 7.5, 12.5, 8.5, 13.5 ], "texture": "#texture" },
				"south": { "uv": [ 7.5, 12.5, 8.5, 13.5 ], "texture": "#texture" },
				"west": { "uv": [ 7.5, 12.5, 8.5, 13.5 ], "texture": "#texture" },
				"east": { "uv": [ 7.5, 12.5, 8.5, 13.5 ], "texture": "#texture" }
			}
		},
		{
			"__comment": "Box22",
			"from": [ 7.25, 9.25, 8 ],
			"to": [ 7.5, 9.5, 8.25 ],
			"faces": {
				"down": { "uv": [ 7.5, 13, 8.5, 14 ], "texture": "#texture" },
				"up": { "uv": [ 7.5, 13, 8.5, 14 ], "texture": "#texture" },
				"north": { "uv": [ 7.5, 13, 8.5, 14 ], "texture": "#texture" },
				"south": { "uv": [ 7.5, 13, 8.5, 14 ], "texture": "#texture" },
				"west": { "uv": [ 7.5, 13, 8.5, 14 ], "texture": "#texture" },
				"east": { "uv": [ 7.5, 13, 8.5, 14 ], "texture": "#texture" }
			}
		},
		{
			"__comment": "Box22",
			"from": [ 8.5, 10.75, 8.25 ],
			"to": [ 8.75, 11, 8.5 ],
			"faces": {
				"down": { "uv": [ 8, 12, 9, 13 ], "texture": "#texture" },
				"up": { "uv": [ 7.5, 12, 8.5, 13 ], "texture": "#texture" },
				"north": { "uv": [ 7.5, 12, 8.5, 13 ], "texture": "#texture" },
				"south": { "uv": [ 7.5, 12, 8.5, 13 ], "texture": "#texture" },
				"west": { "uv": [ 7.5, 12, 8.5, 13 ], "texture": "#texture" },
				"east": { "uv": [ 7.5, 12, 8.5, 13 ], "texture": "#texture" }
			}
		},
		{
			"__comment": "Box2",
			"from": [ 7.25, 12.5, 7.25 ],
			"to": [ 8.75, 13.75, 8.75 ],
			"faces": {
				"down": { "uv": [ 0, 9.000001, 1, 10 ], "texture": "#texture", "cullface": "up" },
				"up": { "uv": [ 0, 9.000001, 1, 10 ], "texture": "#texture", "cullface": "up" },
				"north": { "uv": [ 0, 9.000001, 1, 10 ], "texture": "#texture", "cullface": "up" },
				"south": { "uv": [ 0, 9.000001, 1, 10 ], "texture": "#texture", "cullface": "up" },
				"west": { "uv": [ 0, 9.000001, 1, 10 ], "texture": "#texture", "cullface": "up" },
				"east": { "uv": [ 0, 9.000001, 1, 10 ], "texture": "#texture", "cullface": "up" }
			}
		},
		{
			"__comment": "Box22",
			"from": [ 7.25, -7.25, 7.25 ],
			"to": [ 8.75, -6.75, 8.75 ],
			"faces": {
				"down": { "uv": [ 15, 10, 16, 11 ], "texture": "#texture", "cullface": "down" },
				"up": { "uv": [ 15, 8, 16, 9 ], "texture": "#texture", "cullface": "down" },
				"north": { "uv": [ 14.5, 9, 16, 10 ], "texture": "#texture", "cullface": "down" },
				"south": { "uv": [ 14.5, 9, 16, 10 ], "texture": "#texture", "cullface": "down" },
				"west": { "uv": [ 14.5, 9, 16, 10 ], "texture": "#texture", "cullface": "down" },
				"east": { "uv": [ 14.5, 9, 16, 10 ], "texture": "#texture", "cullface": "down" }
			}
		},
		{
			"__comment": "Box20",
			"from": [ 8.5, 12.5, 7.75 ],
			"to": [ 9, 13.75, 8.25 ],
			"faces": {
				"down": { "uv": [ 7, 7, 9, 8 ], "texture": "#texture" },
				"up": { "uv": [ 7, 9, 8, 10 ], "texture": "#texture" },
				"north": { "uv": [ 7, 9.5, 8, 7 ], "texture": "#texture" },
				"south": { "uv": [ 7, 9.5, 8, 7 ], "texture": "#texture" },
				"west": { "uv": [ 7, 9.5, 8, 7 ], "texture": "#texture" },
				"east": { "uv": [ 7, 9.5, 8, 7 ], "texture": "#texture" }
			}
		},
		{
			"__comment": "Box20",
			"from": [ 7, 12.5, 7.75 ],
			"to": [ 7.5, 14, 8.25 ],
			"faces": {
				"down": { "uv": [ 7, 7, 9, 8 ], "texture": "#texture" },
				"up": { "uv": [ 7, 9, 8, 10 ], "texture": "#texture" },
				"north": { "uv": [ 7, 9.5, 8, 7 ], "texture": "#texture" },
				"south": { "uv": [ 7, 9.5, 8, 7 ], "texture": "#texture" },
				"west": { "uv": [ 7, 9.5, 8, 7 ], "texture": "#texture" },
				"east": { "uv": [ 7, 9.5, 8, 7 ], "texture": "#texture" }
			}
		},
		{
			"__comment": "Box20",
			"from": [ 7.75, 12.5, 8.5 ],
			"to": [ 8.25, 14, 9 ],
			"faces": {
				"down": { "uv": [ 7, 7, 9, 8 ], "texture": "#texture" },
				"up": { "uv": [ 7, 9, 8, 10 ], "texture": "#texture" },
				"north": { "uv": [ 7, 9.5, 8, 7 ], "texture": "#texture" },
				"south": { "uv": [ 7, 9.5, 8, 7 ], "texture": "#texture" },
				"west": { "uv": [ 7, 9.5, 8, 7 ], "texture": "#texture" },
				"east": { "uv": [ 7, 9.5, 8, 7 ], "texture": "#texture" }
			}
		},
		{
			"__comment": "Box20",
			"from": [ 7.75, 12.5, 7 ],
			"to": [ 8.25, 14, 7.5 ],
			"faces": {
				"down": { "uv": [ 7, 7, 9, 8 ], "texture": "#texture" },
				"up": { "uv": [ 7, 9, 8, 10 ], "texture": "#texture" },
				"north": { "uv": [ 7, 9.5, 8, 7 ], "texture": "#texture" },
				"south": { "uv": [ 7, 9.5, 8, 7 ], "texture": "#texture" },
				"west": { "uv": [ 7, 9.5, 8, 7 ], "texture": "#texture" },
				"east": { "uv": [ 7, 9.5, 8, 7 ], "texture": "#texture" }
			}
		},
		{
			"__comment": "Box22",
			"from": [ 7.25, 10.75, 7.75 ],
			"to": [ 7.5, 11, 8 ],
			"faces": {
				"down": { "uv": [ 7.5, 12, 8.5, 13 ], "texture": "#texture" },
				"up": { "uv": [ 7.5, 12, 8.5, 13 ], "texture": "#texture" },
				"north": { "uv": [ 7.5, 12, 8.5, 13 ], "texture": "#texture" },
				"south": { "uv": [ 7.5, 12, 8.5, 13 ], "texture": "#texture" },
				"west": { "uv": [ 7.5, 12, 8.5, 13 ], "texture": "#texture" },
				"east": { "uv": [ 7.5, 12, 8.5, 13 ], "texture": "#texture" }
			}
		},
		{
			"__comment": "Box22",
			"from": [ 8, 10.75, 8.5 ],
			"to": [ 8.25, 11, 8.75 ],
			"faces": {
				"down": { "uv": [ 7.5, 12, 8.5, 13 ], "texture": "#texture" },
				"up": { "uv": [ 7.5, 12, 8.5, 13 ], "texture": "#texture" },
				"north": { "uv": [ 7.5, 12, 8.5, 13 ], "texture": "#texture" },
				"south": { "uv": [ 7.5, 12, 8.5, 13 ], "texture": "#texture" },
				"west": { "uv": [ 7.5, 12, 8.5, 13 ], "texture": "#texture" },
				"east": { "uv": [ 7.5, 12, 8.5, 13 ], "texture": "#texture" }
			}
		},
		{
			"__comment": "Box22",
			"from": [ 7.5, 10.75, 7.25 ],
			"to": [ 7.75, 11, 7.5 ],
			"faces": {
				"down": { "uv": [ 7.5, 12, 8.5, 13 ], "texture": "#texture" },
				"up": { "uv": [ 7.5, 12, 8.5, 13 ], "texture": "#texture" },
				"north": { "uv": [ 7.5, 12, 8.5, 13 ], "texture": "#texture" },
				"south": { "uv": [ 7.5, 12, 8.5, 13 ], "texture": "#texture" },
				"west": { "uv": [ 7.5, 12, 8.5, 13 ], "texture": "#texture" },
				"east": { "uv": [ 7.5, 12, 8.5, 13 ], "texture": "#texture" }
			}
		},
		{
			"__comment": "Box2",
			"from": [ 7.5, 15.25, 7.5 ],
			"to": [ 8.5, 16.25, 8.5 ],
			"faces": {
				"down": { "uv": [ 0, 9.000001, 1, 10 ], "texture": "#texture", "cullface": "up" },
				"up": { "uv": [ 0, 9.000001, 1, 10 ], "texture": "#texture", "cullface": "up" },
				"north": { "uv": [ 0, 9.000001, 1, 10 ], "texture": "#texture", "cullface": "up" },
				"south": { "uv": [ 0, 9.000001, 1, 10 ], "texture": "#texture", "cullface": "up" },
				"west": { "uv": [ 0, 9.000001, 1, 10 ], "texture": "#texture", "cullface": "up" },
				"east": { "uv": [ 0, 9.000001, 1, 10 ], "texture": "#texture", "cullface": "up" }
			}
		},
		{
			"__comment": "Box2",
			"from": [ 7.5, 15.25, 7.25 ],
			"to": [ 8.5, 16.25, 7.5 ],
			"faces": {
				"down": { "uv": [ 0, 10, 1, 11 ], "texture": "#texture", "cullface": "up" },
				"up": { "uv": [ 0, 13, 1, 14 ], "texture": "#texture", "cullface": "up" },
				"north": { "uv": [ 0, 14, 2.5, 11 ], "texture": "#texture", "cullface": "up" },
				"south": { "uv": [ 0, 14, 2.5, 11 ], "texture": "#texture", "cullface": "up" },
				"west": { "uv": [ 0, 14, 2.5, 11 ], "texture": "#texture", "cullface": "up" },
				"east": { "uv": [ 0, 14, 2.5, 11 ], "texture": "#texture", "cullface": "up" }
			}
		},
		{
			"__comment": "Box2",
			"from": [ 7.5, 15.25, 8.5 ],
			"to": [ 8.5, 16.25, 8.75 ],
			"faces": {
				"down": { "uv": [ 0, 10, 1, 11 ], "texture": "#texture", "cullface": "up" },
				"up": { "uv": [ 0, 13, 1, 14 ], "texture": "#texture", "cullface": "up" },
				"north": { "uv": [ 0, 14, 2.5, 11 ], "texture": "#texture", "cullface": "up" },
				"south": { "uv": [ 0, 14, 2.5, 11 ], "texture": "#texture", "cullface": "up" },
				"west": { "uv": [ 0, 14, 2.5, 11 ], "texture": "#texture", "cullface": "up" },
				"east": { "uv": [ 0, 14, 2.5, 11 ], "texture": "#texture", "cullface": "up" }
			}
		},
		{
			"__comment": "Box2",
			"from": [ 7.25, 15.25, 7.5 ],
			"to": [ 7.5, 16.25, 8.5 ],
			"faces": {
				"down": { "uv": [ 0, 10, 1, 11 ], "texture": "#texture", "cullface": "up" },
				"up": { "uv": [ 0, 13, 1, 14 ], "texture": "#texture", "cullface": "up" },
				"north": { "uv": [ 0, 14, 2.5, 11 ], "texture": "#texture", "cullface": "up" },
				"south": { "uv": [ 0, 14, 2.5, 11 ], "texture": "#texture", "cullface": "up" },
				"west": { "uv": [ 0, 14, 2.5, 11 ], "texture": "#texture", "cullface": "up" },
				"east": { "uv": [ 0, 14, 2.5, 11 ], "texture": "#texture", "cullface": "up" }
			}
		},
		{
			"__comment": "Box2",
			"from": [ 8.5, 15.25, 7.5 ],
			"to": [ 8.75, 16.25, 8.5 ],
			"faces": {
				"down": { "uv": [ 0, 10, 1, 11 ], "texture": "#texture", "cullface": "up" },
				"up": { "uv": [ 0, 13, 1, 14 ], "texture": "#texture", "cullface": "up" },
				"north": { "uv": [ 0, 14, 2.5, 11 ], "texture": "#texture", "cullface": "up" },
				"south": { "uv": [ 0, 14, 2.5, 11 ], "texture": "#texture", "cullface": "up" },
				"west": { "uv": [ 0, 14, 2.5, 11 ], "texture": "#texture", "cullface": "up" },
				"east": { "uv": [ 0, 14, 2.5, 11 ], "texture": "#texture", "cullface": "up" }
			}
		},
		{
			"__comment": "Box2",
			"from": [ 7.5, 16.25, 7.5 ],
			"to": [ 8.5, 16.5, 8.5 ],
			"faces": {
				"down": { "uv": [ 0, 13, 1, 14 ], "texture": "#texture", "cullface": "up" },
				"up": { "uv": [ 0, 13, 1, 14 ], "texture": "#texture", "cullface": "up" },
				"north": { "uv": [ 0, 13, 1, 14 ], "texture": "#texture", "cullface": "up" },
				"south": { "uv": [ 0, 13, 1, 14 ], "texture": "#texture", "cullface": "up" },
				"west": { "uv": [ 0, 13, 1, 14 ], "texture": "#texture", "cullface": "up" },
				"east": { "uv": [ 0, 13, 1, 14 ], "texture": "#texture", "cullface": "up" }
			}
		},
		{
			"__comment": "Box2",
			"from": [ 7.5, 15, 7.5 ],
			"to": [ 8.5, 15.25, 8.5 ],
			"faces": {
				"down": { "uv": [ 0.5, 11, 1.5, 12 ], "texture": "#texture", "cullface": "up" },
				"up": { "uv": [ 0.5, 11, 1.5, 12 ], "texture": "#texture", "cullface": "up" },
				"north": { "uv": [ 0.5, 11, 1.5, 12 ], "texture": "#texture", "cullface": "up" },
				"south": { "uv": [ 0.5, 11, 1.5, 12 ], "texture": "#texture", "cullface": "up" },
				"west": { "uv": [ 0.5, 11, 1.5, 12 ], "texture": "#texture", "cullface": "up" },
				"east": { "uv": [ 0.5, 11, 1.5, 12 ], "texture": "#texture", "cullface": "up" }
			}
		},
		{
			"__comment": "Box8",
			"from": [ 6.5, 11.75, 7.25 ],
			"to": [ 7, 12.5, 8.75 ],
			"faces": {
				"down": { "uv": [ 7.5, 7.5, 9, 8 ], "texture": "#texture" },
				"up": { "uv": [ 7, 6, 9, 7 ], "texture": "#texture" },
				"north": { "uv": [ 7, 6, 9, 7 ], "texture": "#texture" },
				"south": { "uv": [ 7, 6, 9, 7 ], "texture": "#texture" },
				"west": { "uv": [ 7.5, 6, 8.5, 7 ], "texture": "#texture" },
				"east": { "uv": [ 7.5, 6, 8.5, 7 ], "texture": "#texture" }
			}
		},
		{
			"__comment": "Box8",
			"from": [ 9, 11.75, 7.25 ],
			"to": [ 9.5, 12.5, 8.75 ],
			"faces": {
				"down": { "uv": [ 7.5, 7.5, 9, 8 ], "texture": "#texture" },
				"up": { "uv": [ 7, 6, 9, 7 ], "texture": "#texture" },
				"north": { "uv": [ 7, 6, 9, 7 ], "texture": "#texture" },
				"south": { "uv": [ 7, 6, 9, 7 ], "texture": "#texture" },
				"west": { "uv": [ 7.5, 6, 8.5, 7 ], "texture": "#texture" },
				"east": { "uv": [ 7.5, 6, 8.5, 7 ], "texture": "#texture" }
			}
		},
		{
			"__comment": "Box8",
			"from": [ 7.25, 11.75, 6.5 ],
			"to": [ 8.75, 12.5, 7 ],
			"faces": {
				"down": { "uv": [ 7.5, 7.5, 9, 8 ], "texture": "#texture" },
				"up": { "uv": [ 7, 6, 9, 7 ], "texture": "#texture" },
				"north": { "uv": [ 7, 6, 9, 7 ], "texture": "#texture" },
				"south": { "uv": [ 7, 6, 9, 7 ], "texture": "#texture" },
				"west": { "uv": [ 7.5, 6, 8.5, 7 ], "texture": "#texture" },
				"east": { "uv": [ 7.5, 6, 8.5, 7 ], "texture": "#texture" }
			}
		},
		{
			"__comment": "Box8",
			"from": [ 7.25, 11.75, 9 ],
			"to": [ 8.75, 12.5, 9.5 ],
			"faces": {
				"down": { "uv": [ 7.5, 7.5, 9, 8 ], "texture": "#texture" },
				"up": { "uv": [ 7, 6, 9, 7 ], "texture": "#texture" },
				"north": { "uv": [ 7, 6, 9, 7 ], "texture": "#texture" },
				"south": { "uv": [ 7, 6, 9, 7 ], "texture": "#texture" },
				"west": { "uv": [ 7.5, 6, 8.5, 7 ], "texture": "#texture" },
				"east": { "uv": [ 7.5, 6, 8.5, 7 ], "texture": "#texture" }
			}
		},
		{
			"__comment": "Box2",
			"from": [ 7.625, 14.25, 7.625 ],
			"to": [ 8.375, 14.5, 8.375 ],
			"faces": {
				"down": { "uv": [ 0, 9.000001, 1, 10 ], "texture": "#texture", "cullface": "up" },
				"up": { "uv": [ 0, 9.000001, 1, 10 ], "texture": "#texture", "cullface": "up" },
				"north": { "uv": [ 0, 9.000001, 1, 10 ], "texture": "#texture", "cullface": "up" },
				"south": { "uv": [ 0, 9.000001, 1, 10 ], "texture": "#texture", "cullface": "up" },
				"west": { "uv": [ 0, 9.000001, 1, 10 ], "texture": "#texture", "cullface": "up" },
				"east": { "uv": [ 0, 9.000001, 1, 10 ], "texture": "#texture", "cullface": "up" }
			}
		},
		{
			"__comment": "Box8",
			"from": [ 8.25, 11.25, 9 ],
			"to": [ 8.75, 11.75, 9.5 ],
			"faces": {
				"down": { "uv": [ 7.5, 7.5, 9, 8 ], "texture": "#texture" },
				"up": { "uv": [ 7, 6, 9, 7 ], "texture": "#texture" },
				"north": { "uv": [ 7, 6, 9, 7 ], "texture": "#texture" },
				"south": { "uv": [ 7, 6, 9, 7 ], "texture": "#texture" },
				"west": { "uv": [ 7.5, 6, 8.5, 7 ], "texture": "#texture" },
				"east": { "uv": [ 7.5, 6, 8.5, 7 ], "texture": "#texture" }
			}
		},
		{
			"__comment": "Box8",
			"from": [ 7.75, 10.25, 9 ],
			"to": [ 8.25, 11.25, 9.5 ],
			"faces": {
				"down": { "uv": [ 7.5, 7.5, 9, 8 ], "texture": "#texture" },
				"up": { "uv": [ 7, 6, 9, 7 ], "texture": "#texture" },
				"north": { "uv": [ 7, 6, 9, 7 ], "texture": "#texture" },
				"south": { "uv": [ 7, 6, 9, 7 ], "texture": "#texture" },
				"west": { "uv": [ 7.5, 6, 8.5, 7 ], "texture": "#texture" },
				"east": { "uv": [ 7.5, 6, 8.5, 7 ], "texture": "#texture" }
			}
		},
		{
			"__comment": "Box8",
			"from": [ 7.25, 9.25, 9 ],
			"to": [ 7.75, 10.25, 9.5 ],
			"faces": {
				"down": { "uv": [ 7.5, 7.5, 9, 8 ], "texture": "#texture" },
				"up": { "uv": [ 7, 6, 9, 7 ], "texture": "#texture" },
				"north": { "uv": [ 7, 6, 9, 7 ], "texture": "#texture" },
				"south": { "uv": [ 7, 6, 9, 7 ], "texture": "#texture" },
				"west": { "uv": [ 7.5, 6, 8.5, 7 ], "texture": "#texture" },
				"east": { "uv": [ 7.5, 6, 8.5, 7 ], "texture": "#texture" }
			}
		},
		{
			"__comment": "Box8",
			"from": [ 6.75, 8.25, 9.25 ],
			"to": [ 7.25, 9, 9.75 ],
			"faces": {
				"down": { "uv": [ 7.5, 7.5, 9, 8 ], "texture": "#texture" },
				"up": { "uv": [ 7, 6, 9, 7 ], "texture": "#texture" },
				"north": { "uv": [ 7, 6, 9, 7 ], "texture": "#texture" },
				"south": { "uv": [ 7, 6, 9, 7 ], "texture": "#texture" },
				"west": { "uv": [ 7.5, 6, 8.5, 7 ], "texture": "#texture" },
				"east": { "uv": [ 7.5, 6, 8.5, 7 ], "texture": "#texture" }
			}
		},
		{
			"__comment": "Box8",
			"from": [ 7.25, 11.25, 6.5 ],
			"to": [ 7.75, 11.75, 7 ],
			"faces": {
				"down": { "uv": [ 7.5, 7.5, 9, 8 ], "texture": "#texture" },
				"up": { "uv": [ 7, 6, 9, 7 ], "texture": "#texture" },
				"north": { "uv": [ 7, 6, 9, 7 ], "texture": "#texture" },
				"south": { "uv": [ 7, 6, 9, 7 ], "texture": "#texture" },
				"west": { "uv": [ 7.5, 6, 8.5, 7 ], "texture": "#texture" },
				"east": { "uv": [ 7.5, 6, 8.5, 7 ], "texture": "#texture" }
			}
		},
		{
			"__comment": "Box8",
			"from": [ 7.75, 10.25, 6.5 ],
			"to": [ 8.25, 11.25, 7 ],
			"faces": {
				"down": { "uv": [ 7.5, 7.5, 9, 8 ], "texture": "#texture" },
				"up": { "uv": [ 7, 6, 9, 7 ], "texture": "#texture" },
				"north": { "uv": [ 7, 6, 9, 7 ], "texture": "#texture" },
				"south": { "uv": [ 7, 6, 9, 7 ], "texture": "#texture" },
				"west": { "uv": [ 7.5, 6, 8.5, 7 ], "texture": "#texture" },
				"east": { "uv": [ 7.5, 6, 8.5, 7 ], "texture": "#texture" }
			}
		},
		{
			"__comment": "Box8",
			"from": [ 8.25, 9.25, 6.5 ],
			"to": [ 8.75, 10.25, 7 ],
			"faces": {
				"down": { "uv": [ 7.5, 7.5, 9, 8 ], "texture": "#texture" },
				"up": { "uv": [ 7, 6, 9, 7 ], "texture": "#texture" },
				"north": { "uv": [ 7, 6, 9, 7 ], "texture": "#texture" },
				"south": { "uv": [ 7, 6, 9, 7 ], "texture": "#texture" },
				"west": { "uv": [ 7.5, 6, 8.5, 7 ], "texture": "#texture" },
				"east": { "uv": [ 7.5, 6, 8.5, 7 ], "texture": "#texture" }
			}
		},
		{
			"__comment": "Box8",
			"from": [ 8.75, 8.25, 6.25 ],
			"to": [ 9.25, 9, 6.75 ],
			"faces": {
				"down": { "uv": [ 7.5, 7.5, 9, 8 ], "texture": "#texture" },
				"up": { "uv": [ 7, 6, 9, 7 ], "texture": "#texture" },
				"north": { "uv": [ 7, 6, 9, 7 ], "texture": "#texture" },
				"south": { "uv": [ 7, 6, 9, 7 ], "texture": "#texture" },
				"west": { "uv": [ 7.5, 6, 8.5, 7 ], "texture": "#texture" },
				"east": { "uv": [ 7.5, 6, 8.5, 7 ], "texture": "#texture" }
			}
		},
		{
			"__comment": "Box8",
			"from": [ 6.5, 11.25, 8.25 ],
			"to": [ 7, 11.75, 8.75 ],
			"faces": {
				"down": { "uv": [ 7.5, 7.5, 9, 8 ], "texture": "#texture" },
				"up": { "uv": [ 7, 6, 9, 7 ], "texture": "#texture" },
				"north": { "uv": [ 7, 6, 9, 7 ], "texture": "#texture" },
				"south": { "uv": [ 7, 6, 9, 7 ], "texture": "#texture" },
				"west": { "uv": [ 7.5, 6, 8.5, 7 ], "texture": "#texture" },
				"east": { "uv": [ 7.5, 6, 8.5, 7 ], "texture": "#texture" }
			}
		},
		{
			"__comment": "Box8",
			"from": [ 6.5, 10.25, 7.75 ],
			"to": [ 7, 11.25, 8.25 ],
			"faces": {
				"down": { "uv": [ 7.5, 7.5, 9, 8 ], "texture": "#texture" },
				"up": { "uv": [ 7, 6, 9, 7 ], "texture": "#texture" },
				"north": { "uv": [ 7, 6, 9, 7 ], "texture": "#texture" },
				"south": { "uv": [ 7, 6, 9, 7 ], "texture": "#texture" },
				"west": { "uv": [ 7.5, 6, 8.5, 7 ], "texture": "#texture" },
				"east": { "uv": [ 7.5, 6, 8.5, 7 ], "texture": "#texture" }
			}
		},
		{
			"__comment": "Box8",
			"from": [ 6.5, 9.25, 7.25 ],
			"to": [ 7, 10.25, 7.75 ],
			"faces": {
				"down": { "uv": [ 7.5, 7.5, 9, 8 ], "texture": "#texture" },
				"up": { "uv": [ 7, 6, 9, 7 ], "texture": "#texture" },
				"north": { "uv": [ 7, 6, 9, 7 ], "texture": "#texture" },
				"south": { "uv": [ 7, 6, 9, 7 ], "texture": "#texture" },
				"west": { "uv": [ 7.5, 6, 8.5, 7 ], "texture": "#texture" },
				"east": { "uv": [ 7.5, 6, 8.5, 7 ], "texture": "#texture" }
			}
		},
		{
			"__comment": "Box8",
			"from": [ 6.25, 8.25, 6.75 ],
			"to": [ 6.75, 9, 7.25 ],
			"faces": {
				"down": { "uv": [ 7.5, 7.5, 9, 8 ], "texture": "#texture" },
				"up": { "uv": [ 7, 6, 9, 7 ], "texture": "#texture" },
				"north": { "uv": [ 7, 6, 9, 7 ], "texture": "#texture" },
				"south": { "uv": [ 7, 6, 9, 7 ], "texture": "#texture" },
				"west": { "uv": [ 7.5, 6, 8.5, 7 ], "texture": "#texture" },
				"east": { "uv": [ 7.5, 6, 8.5, 7 ], "texture": "#texture" }
			}
		},
		{
			"__comment": "Box8",
			"from": [ 7.25, 11.25, 6.5 ],
			"to": [ 7.75, 11.75, 7 ],
			"faces": {
				"down": { "uv": [ 7.25, 8.75, 8.75, 9.25 ], "texture": "#texture" },
				"up": { "uv": [ 7, 6, 9, 7 ], "texture": "#texture" },
				"north": { "uv": [ 7, 6, 9, 7 ], "texture": "#texture" },
				"south": { "uv": [ 7, 6, 9, 7 ], "texture": "#texture" },
				"west": { "uv": [ 7.5, 6, 8.5, 7 ], "texture": "#texture" },
				"east": { "uv": [ 7.5, 6, 8.5, 7 ], "texture": "#texture" }
			}
		},
		{
			"__comment": "Box8",
			"from": [ 8.75, 12.5, 8.75 ],
			"to": [ 9.25, 13, 9.25 ],
			"faces": {
				"down": { "uv": [ 7, 7, 8, 8 ], "texture": "#texture" },
				"up": { "uv": [ 7, 7, 8, 8 ], "texture": "#texture" },
				"north": { "uv": [ 7, 7, 8, 8 ], "texture": "#texture" },
				"south": { "uv": [ 7, 7, 8, 8 ], "texture": "#texture" },
				"west": { "uv": [ 7, 7, 8, 8 ], "texture": "#texture" },
				"east": { "uv": [ 7, 7, 8, 8 ], "texture": "#texture" }
			}
		},
		{
			"__comment": "Box8",
			"from": [ 9, 13, 8.25 ],
			"to": [ 9.5, 14, 8.75 ],
			"faces": {
				"down": { "uv": [ 7, 7, 8, 8 ], "texture": "#texture" },
				"up": { "uv": [ 7, 7, 8, 8 ], "texture": "#texture" },
				"north": { "uv": [ 7, 7, 8, 8 ], "texture": "#texture" },
				"south": { "uv": [ 7, 7, 8, 8 ], "texture": "#texture" },
				"west": { "uv": [ 7, 7, 8, 8 ], "texture": "#texture" },
				"east": { "uv": [ 7, 7, 8, 8 ], "texture": "#texture" }
			}
		},
		{
			"__comment": "Box8",
			"from": [ 9, 14, 7.75 ],
			"to": [ 9.5, 15, 8.25 ],
			"faces": {
				"down": { "uv": [ 7.5, 8, 8.5, 9 ], "texture": "#texture" },
				"up": { "uv": [ 7.5, 8, 8.5, 9 ], "texture": "#texture" },
				"north": { "uv": [ 7.5, 8, 8.5, 9 ], "texture": "#texture" },
				"south": { "uv": [ 7.5, 8, 8.5, 9 ], "texture": "#texture" },
				"west": { "uv": [ 7.5, 8, 8.5, 9 ], "texture": "#texture" },
				"east": { "uv": [ 7.5, 8, 8.5, 9 ], "texture": "#texture" }
			}
		},
		{
			"__comment": "Box8",
			"from": [ 9, 15, 7.25 ],
			"to": [ 9.5, 16, 7.75 ],
			"faces": {
				"down": { "uv": [ 7.5, 9, 8.5, 10 ], "texture": "#texture" },
				"up": { "uv": [ 7.5, 9, 8.5, 10 ], "texture": "#texture" },
				"north": { "uv": [ 7.5, 9, 8.5, 10 ], "texture": "#texture" },
				"south": { "uv": [ 7.5, 9, 8.5, 10 ], "texture": "#texture" },
				"west": { "uv": [ 7.5, 9, 8.5, 10 ], "texture": "#texture" },
				"east": { "uv": [ 7.5, 9, 8.5, 10 ], "texture": "#texture" }
			}
		},
		{
			"__comment": "Box8",
			"from": [ 8.75, 16, 6.75 ],
			"to": [ 9.25, 17, 7.25 ],
			"faces": {
				"down": { "uv": [ 7.5, 10, 8.5, 11 ], "texture": "#texture" },
				"up": { "uv": [ 7.5, 10, 8.5, 11 ], "texture": "#texture" },
				"north": { "uv": [ 7.5, 10, 8.5, 11 ], "texture": "#texture" },
				"south": { "uv": [ 7.5, 10, 8.5, 11 ], "texture": "#texture" },
				"west": { "uv": [ 7.5, 10, 8.5, 11 ], "texture": "#texture" },
				"east": { "uv": [ 7.5, 10, 8.5, 11 ], "texture": "#texture" }
			}
		},
		{
			"__comment": "Box8",
			"from": [ 8.25, 17.25, 6.5 ],
			"to": [ 8.75, 18, 7 ],
			"faces": {
				"down": { "uv": [ 7.5, 10, 8.5, 11 ], "texture": "#texture" },
				"up": { "uv": [ 7.5, 10, 8.5, 11 ], "texture": "#texture" },
				"north": { "uv": [ 7.5, 10, 8.5, 11 ], "texture": "#texture" },
				"south": { "uv": [ 7.5, 10, 8.5, 11 ], "texture": "#texture" },
				"west": { "uv": [ 7.5, 10, 8.5, 11 ], "texture": "#texture" },
				"east": { "uv": [ 7.5, 10, 8.5, 11 ], "texture": "#texture" }
			}
		},
		{
			"__comment": "Box8",
			"from": [ 7.75, 18.5, 6.5 ],
			"to": [ 8.25, 19, 7 ],
			"faces": {
				"down": { "uv": [ 7.5, 11, 8.5, 12 ], "texture": "#texture" },
				"up": { "uv": [ 7.5, 11, 8.5, 12 ], "texture": "#texture" },
				"north": { "uv": [ 7.5, 11, 8.5, 12 ], "texture": "#texture" },
				"south": { "uv": [ 7.5, 11, 8.5, 12 ], "texture": "#texture" },
				"west": { "uv": [ 7.5, 11, 8.5, 12 ], "texture": "#texture" },
				"east": { "uv": [ 7.5, 11, 8.5, 12 ], "texture": "#texture" }
			}
		},
		{
			"__comment": "Box8",
			"from": [ 6.75, 12.5, 6.75 ],
			"to": [ 7.25, 13, 7.25 ],
			"faces": {
				"down": { "uv": [ 7, 7, 8, 8 ], "texture": "#texture" },
				"up": { "uv": [ 7, 7, 8, 8 ], "texture": "#texture" },
				"north": { "uv": [ 7, 7, 8, 8 ], "texture": "#texture" },
				"south": { "uv": [ 7, 7, 8, 8 ], "texture": "#texture" },
				"west": { "uv": [ 7, 7, 8, 8 ], "texture": "#texture" },
				"east": { "uv": [ 7, 7, 8, 8 ], "texture": "#texture" }
			}
		},
		{
			"__comment": "Box8",
			"from": [ 6.5, 13, 7.25 ],
			"to": [ 7, 14, 7.75 ],
			"faces": {
				"down": { "uv": [ 7, 7, 8, 8 ], "texture": "#texture" },
				"up": { "uv": [ 7, 7, 8, 8 ], "texture": "#texture" },
				"north": { "uv": [ 7, 7, 8, 8 ], "texture": "#texture" },
				"south": { "uv": [ 7, 7, 8, 8 ], "texture": "#texture" },
				"west": { "uv": [ 7, 7, 8, 8 ], "texture": "#texture" },
				"east": { "uv": [ 7, 7, 8, 8 ], "texture": "#texture" }
			}
		},
		{
			"__comment": "Box8",
			"from": [ 6.5, 14, 7.75 ],
			"to": [ 7, 15, 8.25 ],
			"faces": {
				"down": { "uv": [ 7.5, 8, 8.5, 9 ], "texture": "#texture" },
				"up": { "uv": [ 7.5, 8, 8.5, 9 ], "texture": "#texture" },
				"north": { "uv": [ 7.5, 8, 8.5, 9 ], "texture": "#texture" },
				"south": { "uv": [ 7.5, 8, 8.5, 9 ], "texture": "#texture" },
				"west": { "uv": [ 7.5, 8, 8.5, 9 ], "texture": "#texture" },
				"east": { "uv": [ 7.5, 8, 8.5, 9 ], "texture": "#texture" }
			}
		},
		{
			"__comment": "Box8",
			"from": [ 6.5, 15, 8.25 ],
			"to": [ 7, 16, 8.75 ],
			"faces": {
				"down": { "uv": [ 7.5, 9, 8.5, 10 ], "texture": "#texture" },
				"up": { "uv": [ 7.5, 9, 8.5, 10 ], "texture": "#texture" },
				"north": { "uv": [ 7.5, 9, 8.5, 10 ], "texture": "#texture" },
				"south": { "uv": [ 7.5, 9, 8.5, 10 ], "texture": "#texture" },
				"west": { "uv": [ 7.5, 9, 8.5, 10 ], "texture": "#texture" },
				"east": { "uv": [ 7.5, 9, 8.5, 10 ], "texture": "#texture" }
			}
		},
		{
			"__comment": "Box8",
			"from": [ 6.75, 16, 8.75 ],
			"to": [ 7.25, 17, 9.25 ],
			"faces": {
				"down": { "uv": [ 7.5, 10, 8.5, 11 ], "texture": "#texture" },
				"up": { "uv": [ 7.5, 10, 8.5, 11 ], "texture": "#texture" },
				"north": { "uv": [ 7.5, 10, 8.5, 11 ], "texture": "#texture" },
				"south": { "uv": [ 7.5, 10, 8.5, 11 ], "texture": "#texture" },
				"west": { "uv": [ 7.5, 10, 8.5, 11 ], "texture": "#texture" },
				"east": { "uv": [ 7.5, 10, 8.5, 11 ], "texture": "#texture" }
			}
		},
		{
			"__comment": "Box8",
			"from": [ 7.25, 17.25, 9 ],
			"to": [ 7.75, 18, 9.5 ],
			"faces": {
				"down": { "uv": [ 7.5, 10, 8.5, 11 ], "texture": "#texture" },
				"up": { "uv": [ 7.5, 10, 8.5, 11 ], "texture": "#texture" },
				"north": { "uv": [ 7.5, 10, 8.5, 11 ], "texture": "#texture" },
				"south": { "uv": [ 7.5, 10, 8.5, 11 ], "texture": "#texture" },
				"west": { "uv": [ 7.5, 10, 8.5, 11 ], "texture": "#texture" },
				"east": { "uv": [ 7.5, 10, 8.5, 11 ], "texture": "#texture" }
			}
		},
		{
			"__comment": "Box8",
			"from": [ 7.75, 18.5, 9 ],
			"to": [ 8.25, 19, 9.5 ],
			"faces": {
				"down": { "uv": [ 7.5, 11, 8.5, 12 ], "texture": "#texture" },
				"up": { "uv": [ 7.5, 11, 8.5, 12 ], "texture": "#texture" },
				"north": { "uv": [ 7.5, 11, 8.5, 12 ], "texture": "#texture" },
				"south": { "uv": [ 7.5, 11, 8.5, 12 ], "texture": "#texture" },
				"west": { "uv": [ 7.5, 11, 8.5, 12 ], "texture": "#texture" },
				"east": { "uv": [ 7.5, 11, 8.5, 12 ], "texture": "#texture" }
			}
		},
		{
			"__comment": "Box8",
			"from": [ 9, 11.25, 7.25 ],
			"to": [ 9.5, 11.75, 7.75 ],
			"faces": {
				"down": { "uv": [ 7.5, 7.5, 9, 8 ], "texture": "#texture" },
				"up": { "uv": [ 7, 6, 9, 7 ], "texture": "#texture" },
				"north": { "uv": [ 7, 6, 9, 7 ], "texture": "#texture" },
				"south": { "uv": [ 7, 6, 9, 7 ], "texture": "#texture" },
				"west": { "uv": [ 7.5, 6, 8.5, 7 ], "texture": "#texture" },
				"east": { "uv": [ 7.5, 6, 8.5, 7 ], "texture": "#texture" }
			}
		},
		{
			"__comment": "Box8",
			"from": [ 9, 10.25, 7.75 ],
			"to": [ 9.5, 11.25, 8.25 ],
			"faces": {
				"down": { "uv": [ 7.5, 7.5, 9, 8 ], "texture": "#texture" },
				"up": { "uv": [ 7, 6, 9, 7 ], "texture": "#texture" },
				"north": { "uv": [ 7, 6, 9, 7 ], "texture": "#texture" },
				"south": { "uv": [ 7, 6, 9, 7 ], "texture": "#texture" },
				"west": { "uv": [ 7.5, 6, 8.5, 7 ], "texture": "#texture" },
				"east": { "uv": [ 7.5, 6, 8.5, 7 ], "texture": "#texture" }
			}
		},
		{
			"__comment": "Box8",
			"from": [ 9, 9.25, 8.25 ],
			"to": [ 9.5, 10.25, 8.75 ],
			"faces": {
				"down": { "uv": [ 7.5, 7.5, 9, 8 ], "texture": "#texture" },
				"up": { "uv": [ 7, 6, 9, 7 ], "texture": "#texture" },
				"north": { "uv": [ 7, 6, 9, 7 ], "texture": "#texture" },
				"south": { "uv": [ 7, 6, 9, 7 ], "texture": "#texture" },
				"west": { "uv": [ 7.5, 6, 8.5, 7 ], "texture": "#texture" },
				"east": { "uv": [ 7.5, 6, 8.5, 7 ], "texture": "#texture" }
			}
		},
		{
			"__comment": "Box8",
			"from": [ 9.25, 8.25, 8.75 ],
			"to": [ 9.75, 9, 9.25 ],
			"faces": {
				"down": { "uv": [ 7.5, 7.5, 9, 8 ], "texture": "#texture" },
				"up": { "uv": [ 7, 6, 9, 7 ], "texture": "#texture" },
				"north": { "uv": [ 7, 6, 9, 7 ], "texture": "#texture" },
				"south": { "uv": [ 7, 6, 9, 7 ], "texture": "#texture" },
				"west": { "uv": [ 7.5, 6, 8.5, 7 ], "texture": "#texture" },
				"east": { "uv": [ 7.5, 6, 8.5, 7 ], "texture": "#texture" }
			}
		},
		{
			"__comment": "Box8",
			"from": [ 5.75, 7.5, 6.5 ],
			"to": [ 6.25, 8, 7 ],
			"faces": {
				"down": { "uv": [ 7.5, 7.5, 9, 8 ], "texture": "#texture" },
				"up": { "uv": [ 7, 6, 9, 7 ], "texture": "#texture" },
				"north": { "uv": [ 7, 6, 9, 7 ], "texture": "#texture" },
				"south": { "uv": [ 7, 6, 9, 7 ], "texture": "#texture" },
				"west": { "uv": [ 7.5, 6, 8.5, 7 ], "texture": "#texture" },
				"east": { "uv": [ 7.5, 6, 8.5, 7 ], "texture": "#texture" }
			}
		},
		{
			"__comment": "Box8",
			"from": [ 9, 7.5, 5.75 ],
			"to": [ 9.5, 8, 6.25 ],
			"faces": {
				"down": { "uv": [ 7.5, 7.5, 9, 8 ], "texture": "#texture" },
				"up": { "uv": [ 7, 6, 9, 7 ], "texture": "#texture" },
				"north": { "uv": [ 7, 6, 9, 7 ], "texture": "#texture" },
				"south": { "uv": [ 7, 6, 9, 7 ], "texture": "#texture" },
				"west": { "uv": [ 7.5, 6, 8.5, 7 ], "texture": "#texture" },
				"east": { "uv": [ 7.5, 6, 8.5, 7 ], "texture": "#texture" }
			}
		},
		{
			"__comment": "Box8",
			"from": [ 9.75, 7.5, 9 ],
			"to": [ 10.25, 8, 9.5 ],
			"faces": {
				"down": { "uv": [ 7.5, 7.5, 9, 8 ], "texture": "#texture" },
				"up": { "uv": [ 7, 6, 9, 7 ], "texture": "#texture" },
				"north": { "uv": [ 7, 6, 9, 7 ], "texture": "#texture" },
				"south": { "uv": [ 7, 6, 9, 7 ], "texture": "#texture" },
				"west": { "uv": [ 7.5, 6, 8.5, 7 ], "texture": "#texture" },
				"east": { "uv": [ 7.5, 6, 8.5, 7 ], "texture": "#texture" }
			}
		},
		{
			"__comment": "Box8",
			"from": [ 6.5, 7.5, 9.75 ],
			"to": [ 7, 8, 10.25 ],
			"faces": {
				"down": { "uv": [ 7.5, 7.5, 9, 8 ], "texture": "#texture" },
				"up": { "uv": [ 7, 6, 9, 7 ], "texture": "#texture" },
				"north": { "uv": [ 7, 6, 9, 7 ], "texture": "#texture" },
				"south": { "uv": [ 7, 6, 9, 7 ], "texture": "#texture" },
				"west": { "uv": [ 7.5, 6, 8.5, 7 ], "texture": "#texture" },
				"east": { "uv": [ 7.5, 6, 8.5, 7 ], "texture": "#texture" }
			}
		},
		{
			"__comment": "Box8",
			"from": [ 8.75, 12.5, 6.75 ],
			"to": [ 9.25, 13, 7.25 ],
			"faces": {
				"down": { "uv": [ 7, 7, 8, 8 ], "texture": "#texture" },
				"up": { "uv": [ 7, 7, 8, 8 ], "texture": "#texture" },
				"north": { "uv": [ 7, 7, 8, 8 ], "texture": "#texture" },
				"south": { "uv": [ 7, 7, 8, 8 ], "texture": "#texture" },
				"west": { "uv": [ 7, 7, 8, 8 ], "texture": "#texture" },
				"east": { "uv": [ 7, 7, 8, 8 ], "texture": "#texture" }
			}
		},
		{
			"__comment": "Box8",
			"from": [ 6.75, 12.5, 8.75 ],
			"to": [ 7.25, 13, 9.25 ],
			"faces": {
				"down": { "uv": [ 7, 7, 8, 8 ], "texture": "#texture" },
				"up": { "uv": [ 7, 7, 8, 8 ], "texture": "#texture" },
				"north": { "uv": [ 7, 7, 8, 8 ], "texture": "#texture" },
				"south": { "uv": [ 7, 7, 8, 8 ], "texture": "#texture" },
				"west": { "uv": [ 7, 7, 8, 8 ], "texture": "#texture" },
				"east": { "uv": [ 7, 7, 8, 8 ], "texture": "#texture" }
			}
		},
		{
			"__comment": "Box22",
			"from": [ 7.75, 8.75, 7.25 ],
			"to": [ 8, 9, 7.5 ],
			"faces": {
				"down": { "uv": [ 7.5, 13, 8.5, 14 ], "texture": "#texture" },
				"up": { "uv": [ 7.5, 13, 8.5, 14 ], "texture": "#texture" },
				"north": { "uv": [ 7.5, 13, 8.5, 14 ], "texture": "#texture" },
				"south": { "uv": [ 7.5, 13, 8.5, 14 ], "texture": "#texture" },
				"west": { "uv": [ 7.5, 13, 8.5, 14 ], "texture": "#texture" },
				"east": { "uv": [ 7.5, 13, 8.5, 14 ], "texture": "#texture" }
			}
		}
	]
}