{
	"__comment": "Elements Battle Item Designed by BlackNight_AY",
	"textures": {
		"particle": "item/particle",
		"texture": "item/blazewand"
	},
	"elements": [ 	 
		{
			"__comment": "Box9",
			"from": [ 7.5, -6.75, 7.5 ],
			"to": [ 8.5, 13.75, 8.5 ],
			"faces": {
				"down": { "uv": [ 7.5, 7.5, 8.5, 8.5 ], "texture": "#texture", "cullface": "down" },
				"up": { "uv": [ 8, 10, 9, 11 ], "texture": "#texture", "cullface": "down" },
				"north": { "uv": [ 7.5, 1.75, 8.5, 16 ], "texture": "#texture", "cullface": "down" },
				"south": { "uv": [ 7.5, 1.75, 8.5, 16 ], "texture": "#texture", "cullface": "down" },
				"west": { "uv": [ 7.5, 1.75, 8.5, 16 ], "texture": "#texture", "cullface": "down" },
				"east": { "uv": [ 7.5, 1.75, 8.5, 16 ], "texture": "#texture", "cullface": "down" }
			}
		},
		{
			"__comment": "Box2",
			"from": [ 7.25, 15.25, 7 ],
			"to": [ 8.75, 16.75, 7.5 ],
			"faces": {
				"down": { "uv": [ 0, 15.5, 1.5, 16 ], "texture": "#texture", "cullface": "up" },
				"up": { "uv": [ 0, 15.5, 1.5, 16 ], "texture": "#texture", "cullface": "up" },
				"north": { "uv": [ 0, 16, 2.5, 13 ], "texture": "#texture", "cullface": "up" },
				"west": { "uv": [ 0, 16, 0.5, 14.5 ], "texture": "#texture", "cullface": "up" },
				"east": { "uv": [ 0, 16, 0.5, 14.5 ], "texture": "#texture", "cullface": "up" }
			}
		},
		{
			"__comment": "Box2",
			"from": [ 7.25, 15, 7.25 ],
			"to": [ 8.75, 17, 8.75 ],
			"faces": {
				"down": { "uv": [ 0, 13, 1, 14 ], "texture": "#texture", "cullface": "up" },
				"up": { "uv": [ 0, 15, 1, 16 ], "texture": "#texture", "cullface": "up" },
				"north": { "uv": [ 0, 16, 1.5, 12 ], "texture": "#texture", "cullface": "up" },
				"south": { "uv": [ 0, 16, 1.5, 12 ], "texture": "#texture", "cullface": "up" },
				"west": { "uv": [ 0, 16, 1.5, 12 ], "texture": "#texture", "cullface": "up" },
				"east": { "uv": [ 0, 16, 1.5, 12 ], "texture": "#texture", "cullface": "up" }
			}
		},
		{
			"__comment": "Box2",
			"from": [ 7, 15.25, 7.25 ],
			"to": [ 7.5, 16.75, 8.75 ],
			"faces": {
				"down": { "uv": [ 0, 15.5, 1.5, 16 ], "texture": "#texture", "cullface": "up" },
				"up": { "uv": [ 0, 15.5, 1.5, 16 ], "texture": "#texture", "cullface": "up" },
				"north": { "uv": [ 0, 16, 2.5, 13 ], "texture": "#texture", "cullface": "up" },
				"south": { "uv": [ 0, 16, 1, 13 ], "texture": "#texture", "cullface": "up" },
				"west": { "uv": [ 0, 16, 2, 13 ], "texture": "#texture", "cullface": "up" }
			}
		},
		{
			"__comment": "Box2",
			"from": [ 7.25, 15.25, 8.5 ],
			"to": [ 8.75, 16.75, 9 ],
			"faces": {
				"down": { "uv": [ 0, 15.5, 1.5, 16 ], "texture": "#texture", "cullface": "up" },
				"up": { "uv": [ 0, 15.5, 1.5, 16 ], "texture": "#texture", "cullface": "up" },
				"south": { "uv": [ 0, 16, 2.5, 13 ], "texture": "#texture", "cullface": "up" },
				"west": { "uv": [ 0, 16, 0.5, 14.5 ], "texture": "#texture", "cullface": "up" },
				"east": { "uv": [ 0, 16, 0.5, 14.5 ], "texture": "#texture", "cullface": "up" }
			}
		},
		{
			"__comment": "Box2",
			"from": [ 8.5, 15.25, 7.25 ],
			"to": [ 9, 16.75, 8.75 ],
			"faces": {
				"down": { "uv": [ 0, 15.5, 1.5, 16 ], "texture": "#texture", "cullface": "up" },
				"up": { "uv": [ 0, 15.5, 1.5, 16 ], "texture": "#texture", "cullface": "up" },
				"north": { "uv": [ 0, 16, 2.5, 13 ], "texture": "#texture", "cullface": "up" },
				"south": { "uv": [ 0, 16, 1, 13 ], "texture": "#texture", "cullface": "up" },
				"east": { "uv": [ 0, 16, 2, 13 ], "texture": "#texture", "cullface": "up" }
			}
		},
		{
			"__comment": "Box8",
			"from": [ 7.25, 12.5, 8.75 ],
			"to": [ 8.75, 13, 9.25 ],
			"faces": {
				"up": { "uv": [ 7.5, 6, 8, 7.5 ], "texture": "#texture", "rotation": 270 },
				"north": { "uv": [ 8.5, 3, 10, 3.5 ], "texture": "#texture" },
				"south": { "uv": [ 6, 3, 7.5, 3.5 ], "texture": "#texture" },
				"west": { "uv": [ 8, 3, 8.5, 3.5 ], "texture": "#texture" },
				"east": { "uv": [ 7.5, 3, 8, 3.5 ], "texture": "#texture" }
			}
		},
		{
			"__comment": "Box8",
			"from": [ 9.25, 12.5, 7.75 ],
			"to": [ 9.75, 14, 8.25 ],
			"faces": {
				"down": { "uv": [ 9.25, 7.75, 9.75, 8.25 ], "texture": "#texture" },
				"up": { "uv": [ 9.25, 7.75, 9.75, 8.25 ], "texture": "#texture" },
				"north": { "uv": [ 6.25, 2, 6.75, 3.5 ], "texture": "#texture" },
				"south": { "uv": [ 9.25, 2, 9.75, 3.5 ], "texture": "#texture" },
				"west": { "uv": [ 7.75, 2, 8.25, 3.5 ], "texture": "#texture" },
				"east": { "uv": [ 7.75, 2, 8.25, 3.5 ], "texture": "#texture" }
			}
		},
		{
			"__comment": "Box8",
			"from": [ 9.5, 14, 6 ],
			"to": [ 10, 14.5, 6.5 ],
			"faces": {
				"down": { "uv": [ 6, 6, 6.5, 6.5 ], "texture": "#texture", "rotation": 180 },
				"up": { "uv": [ 6, 9.5, 6.5, 10 ], "texture": "#texture", "cullface": "up", "rotation": 180 },
				"north": { "uv": [ 6, 0, 6.5, 2 ], "texture": "#texture" },
				"south": { "uv": [ 9.5, 0, 10, 2 ], "texture": "#texture" },
				"west": { "uv": [ 6, 0, 6.5, 2 ], "texture": "#texture" },
				"east": { "uv": [ 9.5, 0, 10, 2 ], "texture": "#texture" }
			}
		},
		{
			"__comment": "Box8",
			"from": [ 9, 13, 6.5 ],
			"to": [ 9.5, 14, 7 ],
			"faces": {
				"down": { "uv": [ 6.5, 6.5, 7, 7 ], "texture": "#texture", "rotation": 180 },
				"up": { "uv": [ 6.5, 9, 7, 9.5 ], "texture": "#texture", "rotation": 180 },
				"north": { "uv": [ 6.5, 2, 7, 3 ], "texture": "#texture" },
				"south": { "uv": [ 9, 2, 9.5, 3 ], "texture": "#texture" },
				"west": { "uv": [ 6.5, 2, 7, 3 ], "texture": "#texture" },
				"east": { "uv": [ 9, 2, 9.5, 3 ], "texture": "#texture" }
			}
		},
		{
			"__comment": "Box8",
			"from": [ 9, 13, 9 ],
			"to": [ 9.5, 14, 9.5 ],
			"faces": {
				"down": { "uv": [ 6.5, 6.5, 7, 7 ], "texture": "#texture", "rotation": 90 },
				"up": { "uv": [ 6.5, 9, 7, 9.5 ], "texture": "#texture", "rotation": 270 },
				"north": { "uv": [ 6.5, 2, 7, 3 ], "texture": "#texture" },
				"south": { "uv": [ 9, 2, 9.5, 3 ], "texture": "#texture" },
				"west": { "uv": [ 9, 2, 9.5, 3 ], "texture": "#texture" },
				"east": { "uv": [ 6.5, 2, 7, 3 ], "texture": "#texture" }
			}
		},
		{
			"__comment": "Box8",
			"from": [ 9.5, 14, 9.5 ],
			"to": [ 10, 14.5, 10 ],
			"faces": {
				"down": { "uv": [ 6, 6, 6.5, 6.5 ], "texture": "#texture", "rotation": 90 },
				"up": { "uv": [ 6, 9.5, 6.5, 10 ], "texture": "#texture", "cullface": "up", "rotation": 270 },
				"north": { "uv": [ 6, 0, 6.5, 2 ], "texture": "#texture" },
				"south": { "uv": [ 9.5, 0, 10, 2 ], "texture": "#texture" },
				"west": { "uv": [ 9.5, 0, 10, 2 ], "texture": "#texture" },
				"east": { "uv": [ 6, 0, 6.5, 2 ], "texture": "#texture" }
			}
		},
		{
			"__comment": "Box8",
			"from": [ 6.4999, 13, 6.5 ],
			"to": [ 6.9999, 14, 7 ],
			"faces": {
				"down": { "uv": [ 6.5, 6.5, 7, 7 ], "texture": "#texture", "rotation": 270 },
				"up": { "uv": [ 6.5, 9, 7, 9.5 ], "texture": "#texture", "rotation": 90 },
				"north": { "uv": [ 9, 2, 9.5, 3 ], "texture": "#texture" },
				"south": { "uv": [ 6.5, 2, 7, 3 ], "texture": "#texture" },
				"west": { "uv": [ 6.5, 2, 7, 3 ], "texture": "#texture" },
				"east": { "uv": [ 9, 2, 9.5, 3 ], "texture": "#texture" }
			}
		},
		{
			"__comment": "Box8",
			"from": [ 5.9999, 14, 6.0001 ],
			"to": [ 6.4999, 14.5, 6.5001 ],
			"faces": {
				"down": { "uv": [ 6, 6, 6.5, 6.5 ], "texture": "#texture", "rotation": 270 },
				"up": { "uv": [ 6, 9.5, 6.5, 10 ], "texture": "#texture", "cullface": "up", "rotation": 90 },
				"north": { "uv": [ 9.5, 0, 10, 2 ], "texture": "#texture" },
				"south": { "uv": [ 6, 0, 6.5, 2 ], "texture": "#texture" },
				"west": { "uv": [ 6, 0, 6.5, 2 ], "texture": "#texture" },
				"east": { "uv": [ 9.5, 0, 10, 2 ], "texture": "#texture" }
			}
		},
		{
			"__comment": "Box20",
			"from": [ 7.25, 12, 9 ],
			"to": [ 8.75, 12.5, 9.5 ],
			"faces": {
				"down": { "uv": [ 7.25, 6.5, 8.75, 7 ], "texture": "#texture" },
				"up": { "uv": [ 7.25, 9, 8.75, 9.5 ], "texture": "#texture" },
				"south": { "uv": [ 7.25, 3.5, 8.75, 4 ], "texture": "#texture" },
				"west": { "uv": [ 9, 3.5, 9.5, 4 ], "texture": "#texture" },
				"east": { "uv": [ 6.5, 3.5, 7, 4 ], "texture": "#texture" }
			}
		},
		{
			"__comment": "Box22",
			"from": [ 7.25, -7.25, 7.25 ],
			"to": [ 8.75, -6.75, 8.75 ],
			"faces": {
				"down": { "uv": [ 14, 8, 15, 9 ], "texture": "#texture", "cullface": "down" },
				"up": { "uv": [ 15, 10, 16, 11 ], "texture": "#texture", "cullface": "down" },
				"north": { "uv": [ 14.5, 10, 16, 11 ], "texture": "#texture", "cullface": "down" },
				"south": { "uv": [ 14.5, 10, 16, 11 ], "texture": "#texture", "cullface": "down" },
				"west": { "uv": [ 14.5, 10, 16, 11 ], "texture": "#texture", "cullface": "down" },
				"east": { "uv": [ 14.5, 10, 16, 11 ], "texture": "#texture", "cullface": "down" }
			}
		},
		{
			"__comment": "Box22",
			"from": [ 7.25, 10, 7.75 ],
			"to": [ 7.5, 10.5, 8.5 ],
			"faces": {
				"down": { "uv": [ 7.5, 11, 8.5, 12 ], "texture": "#texture" },
				"up": { "uv": [ 7.5, 9, 8.5, 10 ], "texture": "#texture" },
				"north": { "uv": [ 7.5, 11.5, 9, 13 ], "texture": "#texture" },
				"south": { "uv": [ 7.5, 11.5, 9, 13 ], "texture": "#texture" },
				"west": { "uv": [ 7.5, 11.5, 9, 13 ], "texture": "#texture" },
				"east": { "uv": [ 7.5, 11.5, 9, 13 ], "texture": "#texture" }
			}
		},
		{
			"__comment": "Box22",
			"from": [ 7.25, -6.5, 7.25 ],
			"to": [ 8.75, -6, 8.75 ],
			"faces": {
				"down": { "uv": [ 14, 8, 15, 9 ], "texture": "#texture", "cullface": "down" },
				"up": { "uv": [ 15, 10, 16, 11 ], "texture": "#texture", "cullface": "down" },
				"north": { "uv": [ 14.5, 10, 16, 11 ], "texture": "#texture", "cullface": "down" },
				"south": { "uv": [ 14.5, 10, 16, 11 ], "texture": "#texture", "cullface": "down" },
				"west": { "uv": [ 14.5, 10, 16, 11 ], "texture": "#texture", "cullface": "down" },
				"east": { "uv": [ 14.5, 10, 16, 11 ], "texture": "#texture", "cullface": "down" }
			}
		},
		{
			"__comment": "Box20",
			"from": [ 6.75, 12, 6.75 ],
			"to": [ 9.25, 12.5, 9.25 ],
			"faces": {
				"down": { "uv": [ 6.75, 6.75, 9.25, 9.25 ], "texture": "#texture" },
				"up": { "uv": [ 6.75, 6.75, 9.25, 9.25 ], "texture": "#texture" },
				"north": { "uv": [ 6.75, 3.5, 9.25, 4 ], "texture": "#texture" },
				"south": { "uv": [ 6.75, 3.5, 9.25, 4 ], "texture": "#texture" },
				"west": { "uv": [ 6.75, 3.5, 9.25, 4 ], "texture": "#texture" },
				"east": { "uv": [ 6.75, 3.5, 9.25, 4 ], "texture": "#texture" }
			}
		},
		{
			"__comment": "Box20",
			"from": [ 9, 12, 7.25 ],
			"to": [ 9.5, 12.5, 8.75 ],
			"faces": {
				"down": { "uv": [ 5, 7.5, 7, 8 ], "texture": "#texture", "rotation": 90 },
				"up": { "uv": [ 5, 8, 7, 8.5 ], "texture": "#texture", "rotation": 270 },
				"north": { "uv": [ 7.5, 3.5, 8, 4 ], "texture": "#texture" },
				"south": { "uv": [ 8, 3.5, 8.5, 4 ], "texture": "#texture" },
				"east": { "uv": [ 5, 3.5, 7, 4 ], "texture": "#texture" }
			}
		},
		{
			"__comment": "Box20",
			"from": [ 7.25, 12, 6.5 ],
			"to": [ 8.75, 12.5, 7 ],
			"faces": {
				"down": { "uv": [ 7.25, 9, 8.75, 9.5 ], "texture": "#texture" },
				"up": { "uv": [ 7.25, 6.5, 8.75, 7 ], "texture": "#texture" },
				"north": { "uv": [ 7.25, 3.5, 8.75, 4 ], "texture": "#texture" },
				"west": { "uv": [ 6.5, 3.5, 7, 4 ], "texture": "#texture" },
				"east": { "uv": [ 9, 3.5, 9.5, 4 ], "texture": "#texture" }
			}
		},
		{
			"__comment": "Box20",
			"from": [ 6.5, 12, 7.25 ],
			"to": [ 7, 12.5, 8.75 ],
			"faces": {
				"down": { "uv": [ 5, 7.5, 7, 8 ], "texture": "#texture", "rotation": 90 },
				"up": { "uv": [ 5, 8, 7, 8.5 ], "texture": "#texture", "rotation": 270 },
				"north": { "uv": [ 7.5, 3.5, 8, 4 ], "texture": "#texture" },
				"south": { "uv": [ 8, 3.5, 8.5, 4 ], "texture": "#texture" },
				"west": { "uv": [ 9, 3.5, 11, 4 ], "texture": "#texture" }
			}
		},
		{
			"__comment": "Box8",
			"from": [ 6.75, 13, 7.75 ],
			"to": [ 7.25, 13.5, 8.25 ],
			"faces": {
				"up": { "uv": [ 6.75, 7.75, 7.25, 8.25 ], "texture": "#texture" },
				"north": { "uv": [ 8.75, 2.5, 9.25, 3 ], "texture": "#texture" },
				"south": { "uv": [ 6.75, 2.5, 7.25, 3 ], "texture": "#texture" },
				"west": { "uv": [ 7.75, 2.5, 8.25, 3 ], "texture": "#texture" },
				"east": { "uv": [ 7.75, 2.5, 8.25, 3 ], "texture": "#texture" }
			}
		},
		{
			"__comment": "Box8",
			"from": [ 6.75, 12.5, 7.25 ],
			"to": [ 7.25, 13, 8.75 ],
			"faces": {
				"up": { "uv": [ 6.75, 7.25, 7.25, 8.75 ], "texture": "#texture" },
				"north": { "uv": [ 8.75, 3, 9.25, 3.5 ], "texture": "#texture" },
				"south": { "uv": [ 6.75, 3, 7.25, 3.5 ], "texture": "#texture" },
				"west": { "uv": [ 7.25, 3, 8.75, 3.5 ], "texture": "#texture" },
				"east": { "uv": [ 7.25, 3, 8.75, 3.5 ], "texture": "#texture" }
			}
		},
		{
			"__comment": "Box8",
			"from": [ 8.75, 12.5, 7.25 ],
			"to": [ 9.25, 13, 8.75 ],
			"faces": {
				"up": { "uv": [ 8.75, 7.25, 9.25, 8.75 ], "texture": "#texture" },
				"north": { "uv": [ 6.75, 3, 7.25, 3.5 ], "texture": "#texture" },
				"south": { "uv": [ 8.75, 3, 9.25, 3.5 ], "texture": "#texture" },
				"west": { "uv": [ 7.25, 3, 8.75, 3.5 ], "texture": "#texture" },
				"east": { "uv": [ 7.25, 3, 8.75, 3.5 ], "texture": "#texture" }
			}
		},
		{
			"__comment": "Box8",
			"from": [ 7.25, 12.5, 6.75 ],
			"to": [ 8.75, 13, 7.25 ],
			"faces": {
				"up": { "uv": [ 7.5, 6, 8, 7.5 ], "texture": "#texture", "rotation": 270 },
				"north": { "uv": [ 8.5, 3, 10, 3.5 ], "texture": "#texture" },
				"south": { "uv": [ 6, 3, 7.5, 3.5 ], "texture": "#texture" },
				"west": { "uv": [ 8, 3, 8.5, 3.5 ], "texture": "#texture" },
				"east": { "uv": [ 7.5, 3, 8, 3.5 ], "texture": "#texture" }
			}
		},
		{
			"__comment": "Box8",
			"from": [ 10, 14.25, 10 ],
			"to": [ 10.5, 14.75, 10.5 ],
			"faces": {
				"down": { "uv": [ 10, 5.5, 10.5, 6 ], "texture": "#texture" },
				"up": { "uv": [ 10, 10, 10.5, 10.5 ], "texture": "#texture", "cullface": "up" },
				"north": { "uv": [ 5.5, 1.25, 6, 1.75 ], "texture": "#texture" },
				"south": { "uv": [ 10, 1.25, 10.5, 1.75 ], "texture": "#texture" },
				"west": { "uv": [ 10, 1.25, 10.5, 1.75 ], "texture": "#texture" },
				"east": { "uv": [ 5.5, 1.25, 6, 1.75 ], "texture": "#texture" }
			}
		},
		{
			"__comment": "Box8",
			"from": [ 9.75, 14, 7.75 ],
			"to": [ 10.25, 16, 8.25 ],
			"faces": {
				"down": { "uv": [ 9.75, 7.75, 10.25, 8.25 ], "texture": "#texture" },
				"up": { "uv": [ 9.75, 7.75, 10.25, 8.25 ], "texture": "#texture", "cullface": "up" },
				"north": { "uv": [ 5.75, 0, 6.25, 2 ], "texture": "#texture" },
				"south": { "uv": [ 9.75, 0, 10.25, 2 ], "texture": "#texture" },
				"west": { "uv": [ 7.75, 0, 8.25, 2 ], "texture": "#texture" },
				"east": { "uv": [ 7.75, 0, 8.25, 2 ], "texture": "#texture" }
			}
		},
		{
			"__comment": "Box8",
			"from": [ 5.5, 14.25, 5.5 ],
			"to": [ 6, 14.75, 6 ],
			"faces": {
				"down": { "uv": [ 5.5, 10, 6, 10.5 ], "texture": "#texture" },
				"up": { "uv": [ 5.5, 5.5, 6, 6 ], "texture": "#texture", "cullface": "up" },
				"north": { "uv": [ 10, 1.25, 10.5, 1.75 ], "texture": "#texture" },
				"south": { "uv": [ 5.5, 1.25, 6, 1.75 ], "texture": "#texture" },
				"west": { "uv": [ 5.5, 1.25, 6, 1.75 ], "texture": "#texture" },
				"east": { "uv": [ 10, 1.25, 10.5, 1.75 ], "texture": "#texture" }
			}
		},
		{
			"__comment": "Box8",
			"from": [ 10, 14.25, 5.5 ],
			"to": [ 10.5, 14.75, 6 ],
			"faces": {
				"down": { "uv": [ 10, 10, 10.5, 10.5 ], "texture": "#texture" },
				"up": { "uv": [ 10, 5.5, 10.5, 6 ], "texture": "#texture", "cullface": "up" },
				"north": { "uv": [ 5.5, 1.25, 6, 1.75 ], "texture": "#texture" },
				"south": { "uv": [ 10, 1.25, 10.5, 1.75 ], "texture": "#texture" },
				"west": { "uv": [ 5.5, 1.25, 6, 1.75 ], "texture": "#texture" },
				"east": { "uv": [ 10, 1.25, 10.5, 1.75 ], "texture": "#texture" }
			}
		},
		{
			"__comment": "Box8",
			"from": [ 5.5, 14.25, 10 ],
			"to": [ 6, 14.75, 10.5 ],
			"faces": {
				"down": { "uv": [ 5.5, 5.5, 6, 6 ], "texture": "#texture" },
				"up": { "uv": [ 5.5, 10, 6, 10.5 ], "texture": "#texture", "cullface": "up" },
				"north": { "uv": [ 10, 1.25, 10.5, 1.75 ], "texture": "#texture" },
				"south": { "uv": [ 5.5, 1.25, 6, 1.75 ], "texture": "#texture" },
				"west": { "uv": [ 10, 1.25, 10.5, 1.75 ], "texture": "#texture" },
				"east": { "uv": [ 5.5, 1.25, 6, 1.75 ], "texture": "#texture" }
			}
		},
		{
			"__comment": "Box8",
			"from": [ 6.5, 13, 9 ],
			"to": [ 7, 14, 9.5 ],
			"faces": {
				"down": { "uv": [ 6.5, 6.5, 7, 7 ], "texture": "#texture" },
				"up": { "uv": [ 6.5, 9, 7, 9.5 ], "texture": "#texture" },
				"north": { "uv": [ 9, 2, 9.5, 3 ], "texture": "#texture" },
				"south": { "uv": [ 6.5, 2, 7, 3 ], "texture": "#texture" },
				"west": { "uv": [ 9, 2, 9.5, 3 ], "texture": "#texture" },
				"east": { "uv": [ 6.5, 2, 7, 3 ], "texture": "#texture" }
			}
		},
		{
			"__comment": "Box8",
			"from": [ 7, 12.5, 7 ],
			"to": [ 7.5, 13.5, 7.5 ],
			"faces": {
				"down": { "uv": [ 7, 8.5, 7.5, 9 ], "texture": "#texture" },
				"up": { "uv": [ 7, 7, 7.5, 7.5 ], "texture": "#texture" },
				"north": { "uv": [ 8.5, 2.5, 9, 3.5 ], "texture": "#texture" },
				"south": { "uv": [ 7, 2.5, 7.5, 3.5 ], "texture": "#texture" },
				"west": { "uv": [ 7, 2.5, 7.5, 3.5 ], "texture": "#texture" },
				"east": { "uv": [ 8.5, 2.5, 9, 3.5 ], "texture": "#texture" }
			}
		},
		{
			"__comment": "Box8",
			"from": [ 6, 14, 9.5 ],
			"to": [ 6.5, 14.5, 10 ],
			"faces": {
				"down": { "uv": [ 6, 6, 6.5, 6.5 ], "texture": "#texture" },
				"up": { "uv": [ 6, 9.5, 6.5, 10 ], "texture": "#texture", "cullface": "up" },
				"north": { "uv": [ 9.5, 1.5, 10, 2 ], "texture": "#texture" },
				"south": { "uv": [ 6, 1.5, 6.5, 2 ], "texture": "#texture" },
				"west": { "uv": [ 9.5, 1.5, 10, 2 ], "texture": "#texture" },
				"east": { "uv": [ 6, 1.5, 6.5, 2 ], "texture": "#texture" }
			}
		},
		{
			"__comment": "Box8",
			"from": [ 7.75, 14, 5.75 ],
			"to": [ 8.25, 16, 6.25 ],
			"faces": {
				"down": { "uv": [ 7.75, 9.75, 8.25, 10.25 ], "texture": "#texture" },
				"up": { "uv": [ 7.75, 5.75, 8.25, 6.25 ], "texture": "#texture", "cullface": "up" },
				"north": { "uv": [ 7.75, 0, 8.25, 2 ], "texture": "#texture" },
				"south": { "uv": [ 7.75, 0, 8.25, 2 ], "texture": "#texture" },
				"west": { "uv": [ 5.75, 0, 6.25, 2 ], "texture": "#texture" },
				"east": { "uv": [ 9.75, 0, 10.25, 2 ], "texture": "#texture" }
			}
		},
		{
			"__comment": "Box8",
			"from": [ 7.75, 12.5, 6.25 ],
			"to": [ 8.25, 14, 6.75 ],
			"faces": {
				"down": { "uv": [ 7.75, 9.25, 8.25, 9.75 ], "texture": "#texture" },
				"up": { "uv": [ 7.75, 6.25, 8.25, 6.75 ], "texture": "#texture" },
				"north": { "uv": [ 7.75, 2, 8.25, 3.5 ], "texture": "#texture" },
				"south": { "uv": [ 7.75, 2, 8.25, 3.5 ], "texture": "#texture" },
				"west": { "uv": [ 6.25, 2, 6.75, 3.5 ], "texture": "#texture" },
				"east": { "uv": [ 9.25, 2, 9.75, 3.5 ], "texture": "#texture" }
			}
		},
		{
			"__comment": "Box8",
			"from": [ 7.75, 13, 6.75 ],
			"to": [ 8.25, 13.5, 7.25 ],
			"faces": {
				"up": { "uv": [ 7.75, 6.75, 8.25, 7.25 ], "texture": "#texture" },
				"north": { "uv": [ 7.75, 2.5, 8.25, 3 ], "texture": "#texture" },
				"south": { "uv": [ 7.75, 2.5, 8.25, 3 ], "texture": "#texture" },
				"west": { "uv": [ 6.75, 2.5, 7.25, 3 ], "texture": "#texture" },
				"east": { "uv": [ 8.75, 2.5, 9.25, 3 ], "texture": "#texture" }
			}
		},
		{
			"__comment": "Box8",
			"from": [ 6.25, 12.5, 7.75 ],
			"to": [ 6.75, 14, 8.25 ],
			"faces": {
				"down": { "uv": [ 6.25, 7.75, 6.75, 8.25 ], "texture": "#texture" },
				"up": { "uv": [ 6.25, 7.75, 6.75, 8.25 ], "texture": "#texture" },
				"north": { "uv": [ 9.25, 2, 9.75, 3.5 ], "texture": "#texture" },
				"south": { "uv": [ 6.25, 2, 6.75, 3.5 ], "texture": "#texture" },
				"west": { "uv": [ 7.75, 2, 8.25, 3.5 ], "texture": "#texture" },
				"east": { "uv": [ 7.75, 2, 8.25, 3.5 ], "texture": "#texture" }
			}
		},
		{
			"__comment": "Box8",
			"from": [ 5.75, 14, 7.75 ],
			"to": [ 6.25, 16, 8.25 ],
			"faces": {
				"down": { "uv": [ 5.75, 7.75, 6.25, 8.25 ], "texture": "#texture" },
				"up": { "uv": [ 5.75, 7.75, 6.25, 8.25 ], "texture": "#texture", "cullface": "up" },
				"north": { "uv": [ 9.75, 0, 10.25, 2 ], "texture": "#texture" },
				"south": { "uv": [ 5.75, 0, 6.25, 2 ], "texture": "#texture" },
				"west": { "uv": [ 7.75, 0, 8.25, 2 ], "texture": "#texture" },
				"east": { "uv": [ 7.75, 0, 8.25, 2 ], "texture": "#texture" }
			}
		},
		{
			"__comment": "Box8",
			"from": [ 7.75, 13, 8.75 ],
			"to": [ 8.25, 13.5, 9.25 ],
			"faces": {
				"up": { "uv": [ 7.75, 8.75, 8.25, 9.25 ], "texture": "#texture" },
				"north": { "uv": [ 7.75, 2.5, 8.25, 3 ], "texture": "#texture" },
				"south": { "uv": [ 7.75, 2.5, 8.25, 3 ], "texture": "#texture" },
				"west": { "uv": [ 8.75, 2.5, 9.25, 3 ], "texture": "#texture" },
				"east": { "uv": [ 6.75, 2.5, 7.25, 3 ], "texture": "#texture" }
			}
		},
		{
			"__comment": "Box8",
			"from": [ 7.75, 12.5, 9.25 ],
			"to": [ 8.25, 14, 9.75 ],
			"faces": {
				"down": { "uv": [ 7.75, 6.25, 8.25, 6.75 ], "texture": "#texture" },
				"up": { "uv": [ 7.75, 9.25, 8.25, 9.75 ], "texture": "#texture" },
				"north": { "uv": [ 7.75, 2, 8.25, 3.5 ], "texture": "#texture" },
				"south": { "uv": [ 7.75, 2, 8.25, 3.5 ], "texture": "#texture" },
				"west": { "uv": [ 9.25, 2, 9.75, 3.5 ], "texture": "#texture" },
				"east": { "uv": [ 6.25, 2, 6.75, 3.5 ], "texture": "#texture" }
			}
		},
		{
			"__comment": "Box8",
			"from": [ 7.75, 14, 9.75 ],
			"to": [ 8.25, 16, 10.25 ],
			"faces": {
				"down": { "uv": [ 7.75, 5.75, 8.25, 6.25 ], "texture": "#texture" },
				"up": { "uv": [ 7.75, 9.75, 8.25, 10.25 ], "texture": "#texture", "cullface": "up" },
				"north": { "uv": [ 7.75, 0, 8.25, 2 ], "texture": "#texture" },
				"south": { "uv": [ 7.75, 0, 8.25, 2 ], "texture": "#texture" },
				"west": { "uv": [ 9.75, 0, 10.25, 2 ], "texture": "#texture" },
				"east": { "uv": [ 5.75, 0, 6.25, 2 ], "texture": "#texture" }
			}
		},
		{
			"__comment": "Box8",
			"from": [ 7, 12.5, 8.5 ],
			"to": [ 7.5, 13.5, 9 ],
			"faces": {
				"down": { "uv": [ 7, 7, 7.5, 7.5 ], "texture": "#texture" },
				"up": { "uv": [ 7, 8.5, 7.5, 9 ], "texture": "#texture" },
				"north": { "uv": [ 8.5, 2.5, 9, 3.5 ], "texture": "#texture" },
				"south": { "uv": [ 7, 2.5, 7.5, 3.5 ], "texture": "#texture" },
				"west": { "uv": [ 8.5, 2.5, 9, 3.5 ], "texture": "#texture" },
				"east": { "uv": [ 7, 2.5, 7.5, 3.5 ], "texture": "#texture" }
			}
		},
		{
			"__comment": "Box8",
			"from": [ 8.5, 12.25, 7 ],
			"to": [ 9, 13.5, 7.5 ],
			"faces": {
				"down": { "uv": [ 8.5, 8.5, 9, 9 ], "texture": "#texture" },
				"up": { "uv": [ 8.5, 7, 9, 7.5 ], "texture": "#texture" },
				"north": { "uv": [ 7, 2.5, 7.5, 3.75 ], "texture": "#texture" },
				"south": { "uv": [ 8.5, 2.5, 9, 3.75 ], "texture": "#texture" },
				"west": { "uv": [ 7, 2.5, 7.5, 3.75 ], "texture": "#texture" },
				"east": { "uv": [ 8.5, 2.5, 9, 3.75 ], "texture": "#texture" }
			}
		},
		{
			"__comment": "Box8",
			"from": [ 8.5, 12.25, 8.5 ],
			"to": [ 9, 13.5, 9 ],
			"faces": {
				"down": { "uv": [ 8.5, 7, 9, 7.5 ], "texture": "#texture" },
				"up": { "uv": [ 8.5, 8.5, 9, 9 ], "texture": "#texture" },
				"north": { "uv": [ 7, 2.5, 7.5, 3.75 ], "texture": "#texture" },
				"south": { "uv": [ 8.5, 2.5, 9, 3.75 ], "texture": "#texture" },
				"west": { "uv": [ 8.5, 2.5, 9, 3.75 ], "texture": "#texture" },
				"east": { "uv": [ 7, 2.5, 7.5, 3.75 ], "texture": "#texture" }
			}
		},
		{
			"__comment": "Box8",
			"from": [ 7.25, 11.5, 6.75 ],
			"to": [ 8.75, 12, 7.25 ],
			"faces": {
				"down": { "uv": [ 7.25, 8.75, 8.75, 9.25 ], "texture": "#texture" },
				"up": { "uv": [ 7.25, 6.75, 8.75, 7.25 ], "texture": "#texture" },
				"north": { "uv": [ 7.25, 4, 8.75, 4.5 ], "texture": "#texture" },
				"south": { "uv": [ 7.25, 4, 8.75, 4.5 ], "texture": "#texture" },
				"west": { "uv": [ 6.75, 4, 7.25, 4.5 ], "texture": "#texture" },
				"east": { "uv": [ 8.75, 4, 9.25, 4.5 ], "texture": "#texture" }
			}
		},
		{
			"__comment": "Box8",
			"from": [ 7.25, 11.5, 8.75 ],
			"to": [ 8.75, 12, 9.25 ],
			"faces": {
				"down": { "uv": [ 7.25, 6.75, 8.75, 7.25 ], "texture": "#texture" },
				"up": { "uv": [ 7.25, 8.75, 8.75, 9.25 ], "texture": "#texture" },
				"north": { "uv": [ 7.25, 4, 8.75, 4.5 ], "texture": "#texture" },
				"south": { "uv": [ 7.25, 4, 8.75, 4.5 ], "texture": "#texture" },
				"west": { "uv": [ 8.75, 4, 9.25, 4.5 ], "texture": "#texture" },
				"east": { "uv": [ 6.75, 4, 7.25, 4.5 ], "texture": "#texture" }
			}
		},
		{
			"__comment": "Box8",
			"from": [ 6.75, 11.5, 7.25 ],
			"to": [ 7.25, 12, 8.75 ],
			"faces": {
				"down": { "uv": [ 6.75, 7.25, 7.25, 8.75 ], "texture": "#texture" },
				"up": { "uv": [ 6.75, 7.25, 7.25, 8.75 ], "texture": "#texture" },
				"north": { "uv": [ 8.75, 4, 9.25, 4.5 ], "texture": "#texture" },
				"south": { "uv": [ 6.75, 4, 7.25, 4.5 ], "texture": "#texture" },
				"west": { "uv": [ 7.25, 4, 8.75, 4.5 ], "texture": "#texture" },
				"east": { "uv": [ 7.25, 4, 8.75, 4.5 ], "texture": "#texture" }
			}
		},
		{
			"__comment": "Box8",
			"from": [ 8.5, 11.5, 7.25 ],
			"to": [ 9.25, 12, 8.75 ],
			"faces": {
				"down": { "uv": [ 8.5, 7.25, 9.25, 8.75 ], "texture": "#texture" },
				"up": { "uv": [ 8.5, 7.25, 9.25, 8.75 ], "texture": "#texture" },
				"north": { "uv": [ 6.75, 4, 7.5, 4.5 ], "texture": "#texture" },
				"south": { "uv": [ 8.5, 4, 9.25, 4.5 ], "texture": "#texture" },
				"west": { "uv": [ 7.25, 4, 8.75, 4.5 ], "texture": "#texture" },
				"east": { "uv": [ 7.25, 4, 8.75, 4.5 ], "texture": "#texture" }
			}
		},
		{
			"__comment": "Box8",
			"from": [ 8.75, 12.875, 7.75 ],
			"to": [ 9.25, 13.375, 8.25 ],
			"faces": {
				"up": { "uv": [ 8.75, 7.75, 9.25, 8.25 ], "texture": "#texture" },
				"north": { "uv": [ 6.75, 2.625, 7.25, 3.125 ], "texture": "#texture" },
				"south": { "uv": [ 8.75, 2.625, 9.25, 3.125 ], "texture": "#texture" },
				"west": { "uv": [ 7.75, 2.625, 8.25, 3.125 ], "texture": "#texture" },
				"east": { "uv": [ 7.75, 2.625, 8.25, 3.125 ], "texture": "#texture" }
			}
		},
		{
			"__comment": "Box22",
			"from": [ 7.25, 10.5, 7.25 ],
			"to": [ 8.75, 12, 8.75 ],
			"faces": {
				"down": { "uv": [ 7.5, 10, 8.5, 11 ], "texture": "#texture" },
				"up": { "uv": [ 7.5, 9, 8.5, 10 ], "texture": "#texture" },
				"north": { "uv": [ 7.5, 10, 9, 11.5 ], "texture": "#texture" },
				"south": { "uv": [ 7.5, 10, 9, 11.5 ], "texture": "#texture" },
				"west": { "uv": [ 7.5, 10, 9, 11.5 ], "texture": "#texture" },
				"east": { "uv": [ 7.5, 10, 9, 11.5 ], "texture": "#texture" }
			}
		},
		{
			"__comment": "Box22",
			"from": [ 7.5, 10, 8.5 ],
			"to": [ 8.25, 10.5, 8.75 ],
			"faces": {
				"down": { "uv": [ 7.5, 11, 8.5, 12 ], "texture": "#texture" },
				"up": { "uv": [ 7.5, 9, 8.5, 10 ], "texture": "#texture" },
				"north": { "uv": [ 7.5, 11.5, 9, 13 ], "texture": "#texture" },
				"south": { "uv": [ 7.5, 11.5, 9, 13 ], "texture": "#texture" },
				"west": { "uv": [ 7.5, 11.5, 9, 13 ], "texture": "#texture" },
				"east": { "uv": [ 7.5, 11.5, 9, 13 ], "texture": "#texture" }
			}
		},
		{
			"__comment": "Box22",
			"from": [ 7.5, 10, 7.25 ],
			"to": [ 8.5, 10.5, 7.5 ],
			"faces": {
				"down": { "uv": [ 7.5, 11, 8.5, 12 ], "texture": "#texture" },
				"up": { "uv": [ 7.5, 9, 8.5, 10 ], "texture": "#texture" },
				"north": { "uv": [ 7.5, 11.5, 9, 13 ], "texture": "#texture" },
				"south": { "uv": [ 7.5, 11.5, 9, 13 ], "texture": "#texture" },
				"west": { "uv": [ 7.5, 11.5, 9, 13 ], "texture": "#texture" },
				"east": { "uv": [ 7.5, 11.5, 9, 13 ], "texture": "#texture" }
			}
		},
		{
			"__comment": "Box22",
			"from": [ 8.5, 10, 7.75 ],
			"to": [ 8.75, 10.5, 8.5 ],
			"faces": {
				"down": { "uv": [ 7.5, 11, 8.5, 12 ], "texture": "#texture" },
				"up": { "uv": [ 7.5, 9, 8.5, 10 ], "texture": "#texture" },
				"north": { "uv": [ 7.5, 11.5, 9, 13 ], "texture": "#texture" },
				"south": { "uv": [ 7.5, 11.5, 9, 13 ], "texture": "#texture" },
				"west": { "uv": [ 7.5, 11.5, 9, 13 ], "texture": "#texture" },
				"east": { "uv": [ 7.5, 11.5, 9, 13 ], "texture": "#texture" }
			}
		},
		{
			"__comment": "Box22",
			"from": [ 7.75, 9.5, 7.25 ],
			"to": [ 8.25, 10, 7.5 ],
			"faces": {
				"down": { "uv": [ 7.5, 14, 8.5, 15 ], "texture": "#texture" },
				"up": { "uv": [ 7.5, 9, 8.5, 10 ], "texture": "#texture" },
				"north": { "uv": [ 8.5, 13, 10, 15 ], "texture": "#texture" },
				"south": { "uv": [ 8.5, 13, 10, 15 ], "texture": "#texture" },
				"west": { "uv": [ 8.5, 13, 10, 15 ], "texture": "#texture" },
				"east": { "uv": [ 8.5, 13, 10, 15 ], "texture": "#texture" }
			}
		},
		{
			"__comment": "Box22",
			"from": [ 7.5, 9, 7.25 ],
			"to": [ 7.75, 9.25, 7.5 ],
			"faces": {
				"down": { "uv": [ 7.5, 13, 8.5, 14 ], "texture": "#texture" },
				"up": { "uv": [ 7.5, 9, 8.5, 10 ], "texture": "#texture" },
				"north": { "uv": [ 8.5, 13, 9.5, 14 ], "texture": "#texture" },
				"south": { "uv": [ 8.5, 13, 9.5, 14 ], "texture": "#texture" },
				"west": { "uv": [ 8.5, 13, 9.5, 14 ], "texture": "#texture" },
				"east": { "uv": [ 8.5, 13, 9.5, 14 ], "texture": "#texture" }
			}
		},
		{
			"__comment": "Box22",
			"from": [ 7.75, 9.75, 8.5 ],
			"to": [ 8.25, 10, 8.75 ],
			"faces": {
				"down": { "uv": [ 7.5, 13, 8.5, 14 ], "texture": "#texture" },
				"up": { "uv": [ 7.5, 9, 8.5, 10 ], "texture": "#texture" },
				"north": { "uv": [ 8.5, 13, 10, 14 ], "texture": "#texture" },
				"south": { "uv": [ 8.5, 13, 10, 14 ], "texture": "#texture" },
				"west": { "uv": [ 8.5, 13, 10, 14 ], "texture": "#texture" },
				"east": { "uv": [ 8.5, 13, 10, 14 ], "texture": "#texture" }
			}
		},
		{
			"__comment": "Box22",
			"from": [ 8.25, 9.25, 8.5 ],
			"to": [ 8.5, 9.5, 8.75 ],
			"faces": {
				"down": { "uv": [ 7.5, 15, 8.5, 16 ], "texture": "#texture" },
				"up": { "uv": [ 7.5, 13, 8.5, 14 ], "texture": "#texture" },
				"north": { "uv": [ 8.5, 14, 9.5, 15 ], "texture": "#texture" },
				"south": { "uv": [ 8.5, 14, 9.5, 15 ], "texture": "#texture" },
				"west": { "uv": [ 8.5, 14, 9.5, 15 ], "texture": "#texture" },
				"east": { "uv": [ 8.5, 13, 10, 15 ], "texture": "#texture" }
			}
		},
		{
			"__comment": "Box22",
			"from": [ 7.25, 9.25, 8.25 ],
			"to": [ 7.5, 9.5, 8.5 ],
			"faces": {
				"down": { "uv": [ 7.5, 13, 8.5, 14 ], "texture": "#texture" },
				"up": { "uv": [ 7.5, 9, 8.5, 10 ], "texture": "#texture" },
				"north": { "uv": [ 8.5, 13, 10, 14 ], "texture": "#texture" },
				"south": { "uv": [ 8.5, 13, 10, 14 ], "texture": "#texture" },
				"west": { "uv": [ 8.5, 13, 10, 14 ], "texture": "#texture" },
				"east": { "uv": [ 8.5, 13, 10, 14 ], "texture": "#texture" }
			}
		},
		{
			"__comment": "Box22",
			"from": [ 7.25, 9.5, 7.5 ],
			"to": [ 7.5, 10, 8 ],
			"faces": {
				"down": { "uv": [ 7.5, 13, 8.5, 14 ], "texture": "#texture" },
				"up": { "uv": [ 7.5, 9, 8.5, 10 ], "texture": "#texture" },
				"north": { "uv": [ 8.5, 13, 10, 14 ], "texture": "#texture" },
				"south": { "uv": [ 8.5, 13, 10, 14 ], "texture": "#texture" },
				"west": { "uv": [ 8.5, 13, 10, 14 ], "texture": "#texture" },
				"east": { "uv": [ 8.5, 13, 10, 14 ], "texture": "#texture" }
			}
		},
		{
			"__comment": "Box22",
			"from": [ 8.5, 9.5, 7.5 ],
			"to": [ 8.75, 10, 8 ],
			"faces": {
				"down": { "uv": [ 7.5, 13, 8.5, 14 ], "texture": "#texture" },
				"up": { "uv": [ 7.5, 9, 8.5, 10 ], "texture": "#texture" },
				"north": { "uv": [ 8.5, 13, 9.5, 14 ], "texture": "#texture" },
				"south": { "uv": [ 8.5, 13, 9.5, 14 ], "texture": "#texture" },
				"west": { "uv": [ 8.5, 13, 9.5, 14 ], "texture": "#texture" },
				"east": { "uv": [ 8.5, 13, 9.5, 14 ], "texture": "#texture" }
			}
		},
		{
			"__comment": "Box22",
			"from": [ 8.5, 9, 7.75 ],
			"to": [ 8.75, 9.25, 8 ],
			"faces": {
				"down": { "uv": [ 7.5, 15, 8.5, 16 ], "texture": "#texture" },
				"up": { "uv": [ 7.5, 13, 8.5, 14 ], "texture": "#texture" },
				"north": { "uv": [ 8.5, 14, 9.5, 15 ], "texture": "#texture" },
				"south": { "uv": [ 8.5, 14, 9.5, 15 ], "texture": "#texture" },
				"west": { "uv": [ 8.5, 14, 9.5, 15 ], "texture": "#texture" },
				"east": { "uv": [ 8.5, 13, 10, 15 ], "texture": "#texture" }
			}
		},
		{
			"__comment": "Box8",
			"from": [ 7.75, 10.5, 6.5 ],
			"to": [ 8.25, 11, 7 ],
			"faces": {
				"down": { "uv": [ 7.75, 9, 8.25, 9.5 ], "texture": "#texture" },
				"up": { "uv": [ 7.75, 6.5, 8.25, 7 ], "texture": "#texture" },
				"north": { "uv": [ 7.75, 5, 8.25, 5.5 ], "texture": "#texture" },
				"south": { "uv": [ 7.75, 5, 8.25, 5.5 ], "texture": "#texture" },
				"west": { "uv": [ 6.5, 5, 7, 5.5 ], "texture": "#texture" },
				"east": { "uv": [ 9, 5, 9.5, 5.5 ], "texture": "#texture" }
			}
		},
		{
			"__comment": "Box8",
			"from": [ 6.5, 10.5, 7.75 ],
			"to": [ 7, 11, 8.25 ],
			"faces": {
				"down": { "uv": [ 6.5, 7.75, 7, 8.25 ], "texture": "#texture" },
				"up": { "uv": [ 6.5, 7.75, 7, 8.25 ], "texture": "#texture" },
				"north": { "uv": [ 9, 5, 9.5, 5.5 ], "texture": "#texture" },
				"south": { "uv": [ 6.5, 5, 7, 5.5 ], "texture": "#texture" },
				"west": { "uv": [ 7.75, 5, 8.25, 5.5 ], "texture": "#texture" },
				"east": { "uv": [ 7.75, 5, 8.25, 5.5 ], "texture": "#texture" }
			}
		},
		{
			"__comment": "Box8",
			"from": [ 7.75, 10.5, 9 ],
			"to": [ 8.25, 11, 9.5 ],
			"faces": {
				"down": { "uv": [ 7.75, 6.5, 8.25, 7 ], "texture": "#texture" },
				"up": { "uv": [ 7.75, 9, 8.25, 9.5 ], "texture": "#texture" },
				"north": { "uv": [ 7.75, 5, 8.25, 5.5 ], "texture": "#texture" },
				"south": { "uv": [ 7.75, 5, 8.25, 5.5 ], "texture": "#texture" },
				"west": { "uv": [ 9, 5, 9.5, 5.5 ], "texture": "#texture" },
				"east": { "uv": [ 6.5, 5, 7, 5.5 ], "texture": "#texture" }
			}
		},
		{
			"__comment": "Box8",
			"from": [ 9, 10.5, 7.75 ],
			"to": [ 9.5, 11, 8.25 ],
			"faces": {
				"down": { "uv": [ 9, 7.75, 9.5, 8.25 ], "texture": "#texture" },
				"up": { "uv": [ 9, 7.75, 9.5, 8.25 ], "texture": "#texture" },
				"north": { "uv": [ 6.5, 5, 7, 5.5 ], "texture": "#texture" },
				"south": { "uv": [ 9, 5, 9.5, 5.5 ], "texture": "#texture" },
				"west": { "uv": [ 7.75, 5, 8.25, 5.5 ], "texture": "#texture" },
				"east": { "uv": [ 7.75, 5, 8.25, 5.5 ], "texture": "#texture" }
			}
		},
		{
			"__comment": "Box22",
			"from": [ 7.75, 9.5, 8.5 ],
			"to": [ 8, 9.75, 8.75 ],
			"faces": {
				"down": { "uv": [ 7.5, 15, 8.5, 16 ], "texture": "#texture" },
				"up": { "uv": [ 7.5, 13, 8.5, 14 ], "texture": "#texture" },
				"north": { "uv": [ 8.5, 14, 9.5, 15 ], "texture": "#texture" },
				"south": { "uv": [ 8.5, 14, 9.5, 15 ], "texture": "#texture" },
				"west": { "uv": [ 8.5, 14, 9.5, 15 ], "texture": "#texture" },
				"east": { "uv": [ 8.5, 13, 10, 15 ], "texture": "#texture" }
			}
		},
		{
			"__comment": "Box8",
			"from": [ 7.75, 10.75, 6.75 ],
			"to": [ 8.25, 11.75, 7.25 ],
			"faces": {
				"down": { "uv": [ 7.75, 8.75, 8.25, 9.25 ], "texture": "#texture" },
				"up": { "uv": [ 7.75, 6.75, 8.25, 7.25 ], "texture": "#texture" },
				"north": { "uv": [ 7.75, 4.25, 8.25, 5.25 ], "texture": "#texture" },
				"south": { "uv": [ 7.75, 4.25, 8.25, 5.25 ], "texture": "#texture" },
				"west": { "uv": [ 6.75, 4.25, 7.25, 5.25 ], "texture": "#texture" },
				"east": { "uv": [ 8.75, 4.25, 9.25, 5.25 ], "texture": "#texture" }
			}
		},
		{
			"__comment": "Box8",
			"from": [ 8.75, 10.75, 7.75 ],
			"to": [ 9.25, 11.75, 8.25 ],
			"faces": {
				"down": { "uv": [ 8.75, 7.75, 9.25, 8.25 ], "texture": "#texture" },
				"up": { "uv": [ 8.75, 7.75, 9.25, 8.25 ], "texture": "#texture" },
				"north": { "uv": [ 6.75, 4.25, 7.25, 5.25 ], "texture": "#texture" },
				"south": { "uv": [ 8.75, 4.25, 9.25, 5.25 ], "texture": "#texture" },
				"west": { "uv": [ 7.75, 4.25, 8.25, 5.25 ], "texture": "#texture" },
				"east": { "uv": [ 7.75, 4.25, 8.25, 5.25 ], "texture": "#texture" }
			}
		},
		{
			"__comment": "Box8",
			"from": [ 6.75, 10.75, 7.75 ],
			"to": [ 7.25, 11.75, 8.25 ],
			"faces": {
				"down": { "uv": [ 6.75, 7.75, 7.25, 8.25 ], "texture": "#texture" },
				"up": { "uv": [ 6.75, 7.75, 7.25, 8.25 ], "texture": "#texture" },
				"north": { "uv": [ 8.75, 4.25, 9.25, 5.25 ], "texture": "#texture" },
				"south": { "uv": [ 6.75, 4.25, 7.25, 5.25 ], "texture": "#texture" },
				"west": { "uv": [ 7.75, 4.25, 8.25, 5.25 ], "texture": "#texture" },
				"east": { "uv": [ 7.75, 4.25, 8.25, 5.25 ], "texture": "#texture" }
			}
		},
		{
			"__comment": "Box8",
			"from": [ 7.75, 10.75, 8.75 ],
			"to": [ 8.25, 11.75, 9.25 ],
			"faces": {
				"down": { "uv": [ 7.75, 6.75, 8.25, 7.25 ], "texture": "#texture" },
				"up": { "uv": [ 7.75, 8.75, 8.25, 9.25 ], "texture": "#texture" },
				"north": { "uv": [ 7.75, 4.25, 8.25, 5.25 ], "texture": "#texture" },
				"south": { "uv": [ 7.75, 4.25, 8.25, 5.25 ], "texture": "#texture" },
				"west": { "uv": [ 8.75, 4.25, 9.25, 5.25 ], "texture": "#texture" },
				"east": { "uv": [ 6.75, 4.25, 7.25, 5.25 ], "texture": "#texture" }
			}
		}
	]
}